dataset,method,bin,f1,n,best_c
aef,adaptive_nc_gem,overall,0.6666573331235528,16640,10.0
aef,adaptive_nc_gem,"tiny
(<50)",0.4948910531046589,2437,10.0
aef,adaptive_nc_gem,"small
(50-150)",0.618770808055399,6214,10.0
aef,adaptive_nc_gem,"medium
(150-500)",0.7053624876191547,5956,10.0
aef,adaptive_nc_gem,"large
(>500)",0.7363711620387823,2033,10.0
aef,bovw_128,overall,0.4306171430983679,16640,1.0
aef,bovw_128,"tiny
(<50)",0.30964202591927226,2437,1.0
aef,bovw_128,"small
(50-150)",0.37636102210558064,6214,1.0
aef,bovw_128,"medium
(150-500)",0.4641932941034957,5956,1.0
aef,bovw_128,"large
(>500)",0.45795891786931087,2033,1.0
aef,center_weighted_mean,overall,0.6516224484616142,16640,10.0
aef,center_weighted_mean,"tiny
(<50)",0.4876113546032996,2437,10.0
aef,center_weighted_mean,"small
(50-150)",0.6049979111645276,6214,10.0
aef,center_weighted_mean,"medium
(150-500)",0.6918289993996573,5956,10.0
aef,center_weighted_mean,"large
(>500)",0.6936697980090271,2033,10.0
aef,flattened_cov,overall,0.5930165403138821,16640,1.0
aef,flattened_cov,"tiny
(<50)",0.3775651410226198,2437,1.0
aef,flattened_cov,"small
(50-150)",0.5144896281522754,6214,1.0
aef,flattened_cov,"medium
(150-500)",0.651455876885519,5956,1.0
aef,flattened_cov,"large
(>500)",0.7031373730736749,2033,1.0
aef,gem,overall,0.627776597488022,16640,100.0
aef,gem,"tiny
(<50)",0.48070111785923636,2437,100.0
aef,gem,"small
(50-150)",0.5778269813368248,6214,100.0
aef,gem,"medium
(150-500)",0.6645043830708406,5956,100.0
aef,gem,"large
(>500)",0.6808379756594568,2033,100.0
aef,max,overall,0.5748223820380188,16640,100.0
aef,max,"tiny
(<50)",0.4389514020768577,2437,100.0
aef,max,"small
(50-150)",0.5148599711079772,6214,100.0
aef,max,"medium
(150-500)",0.6112601595274167,5956,100.0
aef,max,"large
(>500)",0.630635406691802,2033,100.0
aef,mean,overall,0.6462451049849123,16640,100.0
aef,mean,"tiny
(<50)",0.48136995542480954,2437,100.0
aef,mean,"small
(50-150)",0.5957232255512495,6214,100.0
aef,mean,"medium
(150-500)",0.6881104411955922,5956,100.0
aef,mean,"large
(>500)",0.6960956112160481,2033,100.0
aef,mean_max,overall,0.6485053210601072,16640,1.0
aef,mean_max,"tiny
(<50)",0.475990626352963,2437,1.0
aef,mean_max,"small
(50-150)",0.5939343659642842,6214,1.0
aef,mean_max,"medium
(150-500)",0.6842480337059804,5956,1.0
aef,mean_max,"large
(>500)",0.7163378384474199,2033,1.0
aef,mean_std,overall,0.6532868793743615,16640,100.0
aef,mean_std,"tiny
(<50)",0.4908185502770007,2437,100.0
aef,mean_std,"small
(50-150)",0.5991683900246172,6214,100.0
aef,mean_std,"medium
(150-500)",0.6923073886926718,5956,100.0
aef,mean_std,"large
(>500)",0.7128052586947848,2033,100.0
aef,median_iqr,overall,0.6421093422042551,16640,10.0
aef,median_iqr,"tiny
(<50)",0.466616781242186,2437,10.0
aef,median_iqr,"small
(50-150)",0.5846749323518293,6214,10.0
aef,median_iqr,"medium
(150-500)",0.6891500526130981,5956,10.0
aef,median_iqr,"large
(>500)",0.6889943223514419,2033,10.0
aef,nd_switch,overall,0.6470072672256577,16640,1.0
aef,nd_switch,"tiny
(<50)",0.418236404907176,2437,1.0
aef,nd_switch,"small
(50-150)",0.5891160265122724,6214,1.0
aef,nd_switch,"medium
(150-500)",0.6951957266232461,5956,1.0
aef,nd_switch,"large
(>500)",0.7280379015583723,2033,1.0
aef,pca_64,overall,0.6444774407280854,16640,10.0
aef,pca_64,"tiny
(<50)",0.47259716445788147,2437,10.0
aef,pca_64,"small
(50-150)",0.5945710012229316,6214,10.0
aef,pca_64,"medium
(150-500)",0.6866208594241932,5956,10.0
aef,pca_64,"large
(>500)",0.6921036035582243,2033,10.0
aef,percentiles,overall,0.6495566674314297,16640,1.0
aef,percentiles,"tiny
(<50)",0.4720307892826625,2437,1.0
aef,percentiles,"small
(50-150)",0.5975435032579696,6214,1.0
aef,percentiles,"medium
(150-500)",0.6913456145086212,5956,1.0
aef,percentiles,"large
(>500)",0.710463706887696,2033,1.0
aef,sign_adaptive_nc_gem,overall,0.6422454043768174,16640,1.0
aef,sign_adaptive_nc_gem,"tiny
(<50)",0.3831174183444546,2437,1.0
aef,sign_adaptive_nc_gem,"small
(50-150)",0.5836781456398701,6214,1.0
aef,sign_adaptive_nc_gem,"medium
(150-500)",0.6968629266737989,5956,1.0
aef,sign_adaptive_nc_gem,"large
(>500)",0.7312540345530346,2033,1.0
aef,signed_non_cancelling_gem,overall,0.664612609247753,16640,10.0
aef,signed_non_cancelling_gem,"tiny
(<50)",0.48147225000784943,2437,10.0
aef,signed_non_cancelling_gem,"small
(50-150)",0.6196425010610341,6214,10.0
aef,signed_non_cancelling_gem,"medium
(150-500)",0.7065018533924197,5956,10.0
aef,signed_non_cancelling_gem,"large
(>500)",0.7251904771039535,2033,10.0
aef,signed_sqrt_mean,overall,0.6144513058974082,16640,100.0
aef,signed_sqrt_mean,"tiny
(<50)",0.4468488721863337,2437,100.0
aef,signed_sqrt_mean,"small
(50-150)",0.5538229363361425,6214,100.0
aef,signed_sqrt_mean,"medium
(150-500)",0.6562746786842634,5956,100.0
aef,signed_sqrt_mean,"large
(>500)",0.6823063318155447,2033,100.0
aef,stats,overall,0.648881008081172,16640,100.0
aef,stats,"tiny
(<50)",0.4844451854203819,2437,100.0
aef,stats,"small
(50-150)",0.5915986955128621,6214,100.0
aef,stats,"medium
(150-500)",0.69390566405879,5956,100.0
aef,stats,"large
(>500)",0.6974837003029999,2033,100.0
aef,std,overall,0.4892082401695548,16640,10.0
aef,std,"tiny
(<50)",0.31145596437943235,2437,10.0
aef,std,"small
(50-150)",0.411316374011404,6214,10.0
aef,std,"medium
(150-500)",0.5383630091863414,5956,10.0
aef,std,"large
(>500)",0.543304112074635,2033,10.0
aef,trimmed_mean,overall,0.6441388470962147,16640,100.0
aef,trimmed_mean,"tiny
(<50)",0.48169230913771227,2437,100.0
aef,trimmed_mean,"small
(50-150)",0.594021897053171,6214,100.0
aef,trimmed_mean,"medium
(150-500)",0.6845275322424831,5956,100.0
aef,trimmed_mean,"large
(>500)",0.6880807125085017,2033,100.0
aef,whitened_mean,overall,0.6449386855374136,16640,10.0
aef,whitened_mean,"tiny
(<50)",0.47259716445788147,2437,10.0
aef,whitened_mean,"small
(50-150)",0.5958318336060403,6214,10.0
aef,whitened_mean,"medium
(150-500)",0.6866745259769371,5956,10.0
aef,whitened_mean,"large
(>500)",0.6926601142388056,2033,10.0
tessera,adaptive_nc_gem,overall,0.49193554261790673,16480,1.0
tessera,adaptive_nc_gem,"tiny
(<50)",0.34112447792559264,2418,1.0
tessera,adaptive_nc_gem,"small
(50-150)",0.48243664398354635,6155,1.0
tessera,adaptive_nc_gem,"medium
(150-500)",0.49924942806336564,5899,1.0
tessera,adaptive_nc_gem,"large
(>500)",0.5527023522841341,2008,1.0
tessera,bovw_128,overall,0.31542253608029364,16480,1.0
tessera,bovw_128,"tiny
(<50)",0.18688764091515842,2418,1.0
tessera,bovw_128,"small
(50-150)",0.31018542177140584,6155,1.0
tessera,bovw_128,"medium
(150-500)",0.32442087649642076,5899,1.0
tessera,bovw_128,"large
(>500)",0.3344926688549002,2008,1.0
tessera,center_weighted_mean,overall,0.4898888507541469,16480,1.0
tessera,center_weighted_mean,"tiny
(<50)",0.3575630264755247,2418,1.0
tessera,center_weighted_mean,"small
(50-150)",0.4835867252365411,6155,1.0
tessera,center_weighted_mean,"medium
(150-500)",0.496646284821071,5899,1.0
tessera,center_weighted_mean,"large
(>500)",0.5276227658906056,2008,1.0
tessera,flattened_cov,overall,0.4593332019804419,16480,1.0
tessera,flattened_cov,"tiny
(<50)",0.29404499880787544,2418,1.0
tessera,flattened_cov,"small
(50-150)",0.4431214327188889,6155,1.0
tessera,flattened_cov,"medium
(150-500)",0.48402085341185025,5899,1.0
tessera,flattened_cov,"large
(>500)",0.5177610954856204,2008,1.0
tessera,gem,overall,0.4816736740357917,16480,1.0
tessera,gem,"tiny
(<50)",0.33480107076724264,2418,1.0
tessera,gem,"small
(50-150)",0.47629396993751577,6155,1.0
tessera,gem,"medium
(150-500)",0.48850524379557597,5899,1.0
tessera,gem,"large
(>500)",0.5253714058617956,2008,1.0
tessera,max,overall,0.45788638248316915,16480,1.0
tessera,max,"tiny
(<50)",0.3261572465312008,2418,1.0
tessera,max,"small
(50-150)",0.43966292520336675,6155,1.0
tessera,max,"medium
(150-500)",0.4691768700899535,5899,1.0
tessera,max,"large
(>500)",0.5129902760522811,2008,1.0
tessera,mean,overall,0.4894376659638387,16480,1.0
tessera,mean,"tiny
(<50)",0.3375753788838499,2418,1.0
tessera,mean,"small
(50-150)",0.48148010096627,6155,1.0
tessera,mean,"medium
(150-500)",0.5007924981168713,5899,1.0
tessera,mean,"large
(>500)",0.5292089117124931,2008,1.0
tessera,mean_max,overall,0.49015591650709056,16480,0.1
tessera,mean_max,"tiny
(<50)",0.3661383589594181,2418,0.1
tessera,mean_max,"small
(50-150)",0.48001956123186695,6155,0.1
tessera,mean_max,"medium
(150-500)",0.49745624800817406,5899,0.1
tessera,mean_max,"large
(>500)",0.5333275270023962,2008,0.1
tessera,mean_std,overall,0.4881569833051002,16480,0.1
tessera,mean_std,"tiny
(<50)",0.3391722551390509,2418,0.1
tessera,mean_std,"small
(50-150)",0.48154124974485707,6155,0.1
tessera,mean_std,"medium
(150-500)",0.5007004177054067,5899,0.1
tessera,mean_std,"large
(>500)",0.527219325524832,2008,0.1
tessera,median_iqr,overall,0.4874594484371885,16480,0.1
tessera,median_iqr,"tiny
(<50)",0.3508006001823935,2418,0.1
tessera,median_iqr,"small
(50-150)",0.48233070352558716,6155,0.1
tessera,median_iqr,"medium
(150-500)",0.4974385523087386,5899,0.1
tessera,median_iqr,"large
(>500)",0.5241774591265385,2008,0.1
tessera,nd_switch,overall,0.4842574050371332,16480,1.0
tessera,nd_switch,"tiny
(<50)",0.3363787687740269,2418,1.0
tessera,nd_switch,"small
(50-150)",0.4666721075180928,6155,1.0
tessera,nd_switch,"medium
(150-500)",0.49586090550561246,5899,1.0
tessera,nd_switch,"large
(>500)",0.5433160936265361,2008,1.0
tessera,pca_64,overall,0.4823469054381775,16480,10.0
tessera,pca_64,"tiny
(<50)",0.3468296727596152,2418,10.0
tessera,pca_64,"small
(50-150)",0.46709638857731967,6155,10.0
tessera,pca_64,"medium
(150-500)",0.4932103453704456,5899,10.0
tessera,pca_64,"large
(>500)",0.5302680850306233,2008,10.0
tessera,percentiles,overall,0.49334048511659795,16480,0.1
tessera,percentiles,"tiny
(<50)",0.3373751530817347,2418,0.1
tessera,percentiles,"small
(50-150)",0.48805579045658987,6155,0.1
tessera,percentiles,"medium
(150-500)",0.5061054243560252,5899,0.1
tessera,percentiles,"large
(>500)",0.524409455742569,2008,0.1
tessera,sign_adaptive_nc_gem,overall,0.4759198374709416,16480,1.0
tessera,sign_adaptive_nc_gem,"tiny
(<50)",0.3093008297399996,2418,1.0
tessera,sign_adaptive_nc_gem,"small
(50-150)",0.4560070883249446,6155,1.0
tessera,sign_adaptive_nc_gem,"medium
(150-500)",0.49735016696760037,5899,1.0
tessera,sign_adaptive_nc_gem,"large
(>500)",0.5333103343992729,2008,1.0
tessera,signed_non_cancelling_gem,overall,0.49149829300567,16480,1.0
tessera,signed_non_cancelling_gem,"tiny
(<50)",0.35191364519048535,2418,1.0
tessera,signed_non_cancelling_gem,"small
(50-150)",0.47800862745915346,6155,1.0
tessera,signed_non_cancelling_gem,"medium
(150-500)",0.5034535231692338,5899,1.0
tessera,signed_non_cancelling_gem,"large
(>500)",0.5492585601622606,2008,1.0
tessera,signed_sqrt_mean,overall,0.48260246197961926,16480,1.0
tessera,signed_sqrt_mean,"tiny
(<50)",0.3327606696103565,2418,1.0
tessera,signed_sqrt_mean,"small
(50-150)",0.4681087884487718,6155,1.0
tessera,signed_sqrt_mean,"medium
(150-500)",0.4935378199378224,5899,1.0
tessera,signed_sqrt_mean,"large
(>500)",0.5455534472567624,2008,1.0
tessera,stats,overall,0.48413661660146207,16480,0.1
tessera,stats,"tiny
(<50)",0.34764789385035494,2418,0.1
tessera,stats,"small
(50-150)",0.47409121800380166,6155,0.1
tessera,stats,"medium
(150-500)",0.49696573723148596,5899,0.1
tessera,stats,"large
(>500)",0.5175012734042511,2008,0.1
tessera,std,overall,0.4062507012102337,16480,1.0
tessera,std,"tiny
(<50)",0.2597087241474858,2418,1.0
tessera,std,"small
(50-150)",0.39621107168918335,6155,1.0
tessera,std,"medium
(150-500)",0.42103662593444025,5899,1.0
tessera,std,"large
(>500)",0.4494631377663992,2008,1.0
tessera,trimmed_mean,overall,0.487778605087652,16480,1.0
tessera,trimmed_mean,"tiny
(<50)",0.33922195562778235,2418,1.0
tessera,trimmed_mean,"small
(50-150)",0.4790858644442408,6155,1.0
tessera,trimmed_mean,"medium
(150-500)",0.4991253288315268,5899,1.0
tessera,trimmed_mean,"large
(>500)",0.5252324665022681,2008,1.0
tessera,whitened_mean,overall,0.4879897682898096,16480,0.1
tessera,whitened_mean,"tiny
(<50)",0.34292707956175733,2418,0.1
tessera,whitened_mean,"small
(50-150)",0.4856442891336416,6155,0.1
tessera,whitened_mean,"medium
(150-500)",0.49359252475880644,5899,0.1
tessera,whitened_mean,"large
(>500)",0.5270118368648432,2008,0.1
olmoearth,adaptive_nc_gem,overall,0.5267421662533226,16640,100.0
olmoearth,adaptive_nc_gem,"tiny
(<50)",0.3094063997963265,2437,100.0
olmoearth,adaptive_nc_gem,"small
(50-150)",0.42721581129435227,6214,100.0
olmoearth,adaptive_nc_gem,"medium
(150-500)",0.582491164752632,5956,100.0
olmoearth,adaptive_nc_gem,"large
(>500)",0.6561583072278683,2033,100.0
olmoearth,bovw_128,overall,0.23025544632413006,16640,0.1
olmoearth,bovw_128,"tiny
(<50)",0.15272206167339875,2437,0.1
olmoearth,bovw_128,"small
(50-150)",0.1773976477073257,6214,0.1
olmoearth,bovw_128,"medium
(150-500)",0.24074384173965027,5956,0.1
olmoearth,bovw_128,"large
(>500)",0.26579425136224266,2033,0.1
olmoearth,center_weighted_mean,overall,0.5481504221685873,16640,10.0
olmoearth,center_weighted_mean,"tiny
(<50)",0.3238715066059869,2437,10.0
olmoearth,center_weighted_mean,"small
(50-150)",0.46019502533517187,6214,10.0
olmoearth,center_weighted_mean,"medium
(150-500)",0.6088211112818226,5956,10.0
olmoearth,center_weighted_mean,"large
(>500)",0.6468010979625755,2033,10.0
olmoearth,flattened_cov,overall,0.43702538946323677,16640,0.01
olmoearth,flattened_cov,"tiny
(<50)",0.1751660305476891,2437,0.01
olmoearth,flattened_cov,"small
(50-150)",0.32643969127000605,6214,0.01
olmoearth,flattened_cov,"medium
(150-500)",0.5060616566195575,5956,0.01
olmoearth,flattened_cov,"large
(>500)",0.5976275189374983,2033,0.01
olmoearth,gem,overall,0.4971328386830796,16640,100.0
olmoearth,gem,"tiny
(<50)",0.3018382695685736,2437,100.0
olmoearth,gem,"small
(50-150)",0.4059972366505509,6214,100.0
olmoearth,gem,"medium
(150-500)",0.5514384536502888,5956,100.0
olmoearth,gem,"large
(>500)",0.5919762727368835,2033,100.0
olmoearth,max,overall,0.3872281638748858,16640,1.0
olmoearth,max,"tiny
(<50)",0.2667083751829495,2437,1.0
olmoearth,max,"small
(50-150)",0.32391883433480373,6214,1.0
olmoearth,max,"medium
(150-500)",0.41305207248372333,5956,1.0
olmoearth,max,"large
(>500)",0.4695960924789804,2033,1.0
olmoearth,mean,overall,0.5471588754542747,16640,1.0
olmoearth,mean,"tiny
(<50)",0.31741668230062864,2437,1.0
olmoearth,mean,"small
(50-150)",0.45469479897504184,6214,1.0
olmoearth,mean,"medium
(150-500)",0.6070903744253199,5956,1.0
olmoearth,mean,"large
(>500)",0.6596331538830946,2033,1.0
olmoearth,mean_max,overall,0.5422007195254119,16640,10.0
olmoearth,mean_max,"tiny
(<50)",0.3287607650065005,2437,10.0
olmoearth,mean_max,"small
(50-150)",0.4480973619335107,6214,10.0
olmoearth,mean_max,"medium
(150-500)",0.5968298970130034,5956,10.0
olmoearth,mean_max,"large
(>500)",0.6691835034046233,2033,10.0
olmoearth,mean_std,overall,0.549647719619997,16640,100.0
olmoearth,mean_std,"tiny
(<50)",0.31239960134212263,2437,100.0
olmoearth,mean_std,"small
(50-150)",0.4588296315958947,6214,100.0
olmoearth,mean_std,"medium
(150-500)",0.6125758888703454,5956,100.0
olmoearth,mean_std,"large
(>500)",0.6682646693388308,2033,100.0
olmoearth,median_iqr,overall,0.5084467263630159,16640,0.1
olmoearth,median_iqr,"tiny
(<50)",0.30703018373691243,2437,0.1
olmoearth,median_iqr,"small
(50-150)",0.4229193070475843,6214,0.1
olmoearth,median_iqr,"medium
(150-500)",0.5583935010210437,5956,0.1
olmoearth,median_iqr,"large
(>500)",0.6154119613269761,2033,0.1
olmoearth,nd_switch,overall,0.5177362086154831,16640,1.0
olmoearth,nd_switch,"tiny
(<50)",0.31625557794837517,2437,1.0
olmoearth,nd_switch,"small
(50-150)",0.4303637706180224,6214,1.0
olmoearth,nd_switch,"medium
(150-500)",0.564837912255605,5956,1.0
olmoearth,nd_switch,"large
(>500)",0.6143168301913554,2033,1.0
olmoearth,pca_64,overall,0.47920437161229934,16640,100.0
olmoearth,pca_64,"tiny
(<50)",0.2827365100319552,2437,100.0
olmoearth,pca_64,"small
(50-150)",0.4192976617577092,6214,100.0
olmoearth,pca_64,"medium
(150-500)",0.5232739360454163,5956,100.0
olmoearth,pca_64,"large
(>500)",0.5487117422316168,2033,100.0
olmoearth,percentiles,overall,0.5337817122900702,16640,0.1
olmoearth,percentiles,"tiny
(<50)",0.3139937151665983,2437,0.1
olmoearth,percentiles,"small
(50-150)",0.45675810552542895,6214,0.1
olmoearth,percentiles,"medium
(150-500)",0.5892736226634776,5956,0.1
olmoearth,percentiles,"large
(>500)",0.645906346641913,2033,0.1
olmoearth,sign_adaptive_nc_gem,overall,0.4788085905265346,16640,0.1
olmoearth,sign_adaptive_nc_gem,"tiny
(<50)",0.26608016535341694,2437,0.1
olmoearth,sign_adaptive_nc_gem,"small
(50-150)",0.35709645248140154,6214,0.1
olmoearth,sign_adaptive_nc_gem,"medium
(150-500)",0.5487022980027647,5956,0.1
olmoearth,sign_adaptive_nc_gem,"large
(>500)",0.6041740972478549,2033,0.1
olmoearth,signed_non_cancelling_gem,overall,0.5232724003558532,16640,1.0
olmoearth,signed_non_cancelling_gem,"tiny
(<50)",0.30261522475235947,2437,1.0
olmoearth,signed_non_cancelling_gem,"small
(50-150)",0.4237010831846941,6214,1.0
olmoearth,signed_non_cancelling_gem,"medium
(150-500)",0.5827034508155313,5956,1.0
olmoearth,signed_non_cancelling_gem,"large
(>500)",0.6568133086025504,2033,1.0
olmoearth,signed_sqrt_mean,overall,0.5142730362080811,16640,100.0
olmoearth,signed_sqrt_mean,"tiny
(<50)",0.3344165674464946,2437,100.0
olmoearth,signed_sqrt_mean,"small
(50-150)",0.4349642676562294,6214,100.0
olmoearth,signed_sqrt_mean,"medium
(150-500)",0.5643332039988826,5956,100.0
olmoearth,signed_sqrt_mean,"large
(>500)",0.6114903201394989,2033,100.0
olmoearth,stats,overall,0.5406580958248787,16640,1.0
olmoearth,stats,"tiny
(<50)",0.31506012254654603,2437,1.0
olmoearth,stats,"small
(50-150)",0.46105948867872737,6214,1.0
olmoearth,stats,"medium
(150-500)",0.6009985754549262,5956,1.0
olmoearth,stats,"large
(>500)",0.6578900178099872,2033,1.0
olmoearth,std,overall,0.22822046871791773,16640,100.0
olmoearth,std,"tiny
(<50)",0.10191445837116146,2437,100.0
olmoearth,std,"small
(50-150)",0.16140692890035463,6214,100.0
olmoearth,std,"medium
(150-500)",0.2629666756090198,5956,100.0
olmoearth,std,"large
(>500)",0.3055367359659687,2033,100.0
olmoearth,trimmed_mean,overall,0.5490048383769436,16640,10.0
olmoearth,trimmed_mean,"tiny
(<50)",0.3160734376314308,2437,10.0
olmoearth,trimmed_mean,"small
(50-150)",0.46276088952727523,6214,10.0
olmoearth,trimmed_mean,"medium
(150-500)",0.607905430344298,5956,10.0
olmoearth,trimmed_mean,"large
(>500)",0.653940234471603,2033,10.0
olmoearth,whitened_mean,overall,0.5472309657805513,16640,1.0
olmoearth,whitened_mean,"tiny
(<50)",0.329438876479657,2437,1.0
olmoearth,whitened_mean,"small
(50-150)",0.45789821355245386,6214,1.0
olmoearth,whitened_mean,"medium
(150-500)",0.6045728104246322,5956,1.0
olmoearth,whitened_mean,"large
(>500)",0.6540987212117443,2033,1.0
