dataset,method,probe,test_fold,bin,f1_macro,n_test
aef,sample_cov,linear,1,overall,0.5879568319277924,17229
aef,sample_cov,linear,1,tiny(<50),0.3307994437396668,2468
aef,sample_cov,linear,1,small(50-150),0.4950600245175471,6598
aef,sample_cov,linear,1,medium(150-500),0.6497998134667407,6256
aef,sample_cov,linear,1,large(>500),0.7029352030932512,1907
aef,sample_cov,knn,1,overall,0.4694822494240255,17229
aef,sample_cov,knn,1,tiny(<50),0.3019505662838921,2468
aef,sample_cov,knn,1,small(50-150),0.3917528425667355,6598
aef,sample_cov,knn,1,medium(150-500),0.5041011254395601,6256
aef,sample_cov,knn,1,large(>500),0.5815385257582563,1907
aef,sample_cov,linear,2,overall,0.5888990130040955,17559
aef,sample_cov,linear,2,tiny(<50),0.3424217449856467,2846
aef,sample_cov,linear,2,small(50-150),0.5145433701522749,6651
aef,sample_cov,linear,2,medium(150-500),0.6525901781567504,6126
aef,sample_cov,linear,2,large(>500),0.6857376333564524,1936
aef,sample_cov,knn,2,overall,0.4603551620314102,17559
aef,sample_cov,knn,2,tiny(<50),0.3040237129962868,2846
aef,sample_cov,knn,2,small(50-150),0.3889310631513141,6651
aef,sample_cov,knn,2,medium(150-500),0.5051532998751472,6126
aef,sample_cov,knn,2,large(>500),0.5654270304654067,1936
aef,sample_cov,linear,3,overall,0.5822941771879562,17045
aef,sample_cov,linear,3,tiny(<50),0.4476631671311883,2620
aef,sample_cov,linear,3,small(50-150),0.5111815922085634,6288
aef,sample_cov,linear,3,medium(150-500),0.6347141396570998,6205
aef,sample_cov,linear,3,large(>500),0.70373076982571,1932
aef,sample_cov,knn,3,overall,0.4684946065532944,17045
aef,sample_cov,knn,3,tiny(<50),0.3202265748006681,2620
aef,sample_cov,knn,3,small(50-150),0.3934246945000769,6288
aef,sample_cov,knn,3,medium(150-500),0.5075696269479575,6205
aef,sample_cov,knn,3,large(>500),0.5532807877698596,1932
aef,sample_cov,linear,4,overall,0.6090172736700503,17478
aef,sample_cov,linear,4,tiny(<50),0.3804478089118049,2498
aef,sample_cov,linear,4,small(50-150),0.5185397052316495,6773
aef,sample_cov,linear,4,medium(150-500),0.6778000284866645,6372
aef,sample_cov,linear,4,large(>500),0.7507981846484704,1835
aef,sample_cov,knn,4,overall,0.4844965040903636,17478
aef,sample_cov,knn,4,tiny(<50),0.2837007302487369,2498
aef,sample_cov,knn,4,small(50-150),0.4057792083029245,6773
aef,sample_cov,knn,4,medium(150-500),0.5422681999791231,6372
aef,sample_cov,knn,4,large(>500),0.5799309642150731,1835
aef,sample_cov,linear,5,overall,0.5895471386640198,16640
aef,sample_cov,linear,5,tiny(<50),0.3604796561814873,2437
aef,sample_cov,linear,5,small(50-150),0.5131575258546183,6214
aef,sample_cov,linear,5,medium(150-500),0.6458565897843589,5956
aef,sample_cov,linear,5,large(>500),0.6838885791603171,2033
aef,sample_cov,knn,5,overall,0.4728607912714304,16640
aef,sample_cov,knn,5,tiny(<50),0.318710102184446,2437
aef,sample_cov,knn,5,small(50-150),0.3891278760938037,6214
aef,sample_cov,knn,5,medium(150-500),0.5130778204409489,5956
aef,sample_cov,knn,5,large(>500),0.5930089024859295,2033
aef,ledoit_wolf,linear,1,overall,0.591774252170405,17229
aef,ledoit_wolf,linear,1,tiny(<50),0.3397038661641194,2468
aef,ledoit_wolf,linear,1,small(50-150),0.5010201964547724,6598
aef,ledoit_wolf,linear,1,medium(150-500),0.6504442835517458,6256
aef,ledoit_wolf,linear,1,large(>500),0.717757870188351,1907
aef,ledoit_wolf,knn,1,overall,0.4716015667311555,17229
aef,ledoit_wolf,knn,1,tiny(<50),0.3053522668790341,2468
aef,ledoit_wolf,knn,1,small(50-150),0.3904057546964438,6598
aef,ledoit_wolf,knn,1,medium(150-500),0.509973754541837,6256
aef,ledoit_wolf,knn,1,large(>500),0.579456055383103,1907
aef,ledoit_wolf,linear,2,overall,0.5882425679136587,17559
aef,ledoit_wolf,linear,2,tiny(<50),0.3238719915220754,2846
aef,ledoit_wolf,linear,2,small(50-150),0.5086803508631678,6651
aef,ledoit_wolf,linear,2,medium(150-500),0.6547426092412737,6126
aef,ledoit_wolf,linear,2,large(>500),0.6867835632335695,1936
aef,ledoit_wolf,knn,2,overall,0.4596625086919093,17559
aef,ledoit_wolf,knn,2,tiny(<50),0.2940978722888748,2846
aef,ledoit_wolf,knn,2,small(50-150),0.3879734448672637,6651
aef,ledoit_wolf,knn,2,medium(150-500),0.5070292291999556,6126
aef,ledoit_wolf,knn,2,large(>500),0.5619897526593276,1936
aef,ledoit_wolf,linear,3,overall,0.5800219767410613,17045
aef,ledoit_wolf,linear,3,tiny(<50),0.3809481302292385,2620
aef,ledoit_wolf,linear,3,small(50-150),0.5077823649495715,6288
aef,ledoit_wolf,linear,3,medium(150-500),0.6316315107537828,6205
aef,ledoit_wolf,linear,3,large(>500),0.7080959565544682,1932
aef,ledoit_wolf,knn,3,overall,0.4684193684514526,17045
aef,ledoit_wolf,knn,3,tiny(<50),0.3117817451867879,2620
aef,ledoit_wolf,knn,3,small(50-150),0.3908207893192221,6288
aef,ledoit_wolf,knn,3,medium(150-500),0.5109553514164101,6205
aef,ledoit_wolf,knn,3,large(>500),0.5510109305864446,1932
aef,ledoit_wolf,linear,4,overall,0.6065603496493744,17478
aef,ledoit_wolf,linear,4,tiny(<50),0.3678354164361779,2498
aef,ledoit_wolf,linear,4,small(50-150),0.51756724987819,6773
aef,ledoit_wolf,linear,4,medium(150-500),0.6740796417488917,6372
aef,ledoit_wolf,linear,4,large(>500),0.7543757034354307,1835
aef,ledoit_wolf,knn,4,overall,0.4824704314377198,17478
aef,ledoit_wolf,knn,4,tiny(<50),0.2876520977863541,2498
aef,ledoit_wolf,knn,4,small(50-150),0.4044499389307006,6773
aef,ledoit_wolf,knn,4,medium(150-500),0.5385478619961566,6372
aef,ledoit_wolf,knn,4,large(>500),0.5765590582471785,1835
aef,ledoit_wolf,linear,5,overall,0.5923342168010556,16640
aef,ledoit_wolf,linear,5,tiny(<50),0.3764377539532034,2437
aef,ledoit_wolf,linear,5,small(50-150),0.5128216014503022,6214
aef,ledoit_wolf,linear,5,medium(150-500),0.6498851400788332,5956
aef,ledoit_wolf,linear,5,large(>500),0.7068170614654699,2033
aef,ledoit_wolf,knn,5,overall,0.4725793946899375,16640
aef,ledoit_wolf,knn,5,tiny(<50),0.3201898460957402,2437
aef,ledoit_wolf,knn,5,small(50-150),0.3901942315866535,6214
aef,ledoit_wolf,knn,5,medium(150-500),0.5100312056232896,5956
aef,ledoit_wolf,knn,5,large(>500),0.5980684650510771,2033
aef,oas,linear,1,overall,0.5914878789960661,17229
aef,oas,linear,1,tiny(<50),0.3300858047543196,2468
aef,oas,linear,1,small(50-150),0.5018825457905861,6598
aef,oas,linear,1,medium(150-500),0.6511302632533006,6256
aef,oas,linear,1,large(>500),0.7108400941707997,1907
aef,oas,knn,1,overall,0.471438577866636,17229
aef,oas,knn,1,tiny(<50),0.3048984277478463,2468
aef,oas,knn,1,small(50-150),0.3912645474924434,6598
aef,oas,knn,1,medium(150-500),0.5091450149277166,6256
aef,oas,knn,1,large(>500),0.5784964246708273,1907
aef,oas,linear,2,overall,0.5957273442283305,17559
aef,oas,linear,2,tiny(<50),0.3619336675095413,2846
aef,oas,linear,2,small(50-150),0.5301103229080817,6651
aef,oas,linear,2,medium(150-500),0.6549072000838856,6126
aef,oas,linear,2,large(>500),0.6994250220300895,1936
aef,oas,knn,2,overall,0.4603146701234796,17559
aef,oas,knn,2,tiny(<50),0.2950170158137673,2846
aef,oas,knn,2,small(50-150),0.3880054072714947,6651
aef,oas,knn,2,medium(150-500),0.5065432842470943,6126
aef,oas,knn,2,large(>500),0.5651749631429674,1936
aef,oas,linear,3,overall,0.5835087436277709,17045
aef,oas,linear,3,tiny(<50),0.3857671080941151,2620
aef,oas,linear,3,small(50-150),0.5111252800592683,6288
aef,oas,linear,3,medium(150-500),0.6381066563383199,6205
aef,oas,linear,3,large(>500),0.7049967356713777,1932
aef,oas,knn,3,overall,0.4699667343615748,17045
aef,oas,knn,3,tiny(<50),0.3158996596293357,2620
aef,oas,knn,3,small(50-150),0.3946271463949563,6288
aef,oas,knn,3,medium(150-500),0.5099819073270878,6205
aef,oas,knn,3,large(>500),0.5523513236497114,1932
aef,oas,linear,4,overall,0.6098865001186158,17478
aef,oas,linear,4,tiny(<50),0.3691701454435711,2498
aef,oas,linear,4,small(50-150),0.5243256678989889,6773
aef,oas,linear,4,medium(150-500),0.6736977480242216,6372
aef,oas,linear,4,large(>500),0.7596085612789291,1835
aef,oas,knn,4,overall,0.482478503804028,17478
aef,oas,knn,4,tiny(<50),0.2877707584345941,2498
aef,oas,knn,4,small(50-150),0.4054975962555962,6773
aef,oas,knn,4,medium(150-500),0.5376975956963012,6372
aef,oas,knn,4,large(>500),0.5765590582471785,1835
aef,oas,linear,5,overall,0.5908596872808114,16640
aef,oas,linear,5,tiny(<50),0.3645138682128148,2437
aef,oas,linear,5,small(50-150),0.5146830872391155,6214
aef,oas,linear,5,medium(150-500),0.6496382072969566,5956
aef,oas,linear,5,large(>500),0.7025571254768974,2033
aef,oas,knn,5,overall,0.4722051793321118,16640
aef,oas,knn,5,tiny(<50),0.3186080066462725,2437
aef,oas,knn,5,small(50-150),0.3902970002776561,6214
aef,oas,knn,5,medium(150-500),0.5105648430171161,5956
aef,oas,knn,5,large(>500),0.5973892043709137,2033
aef,diag_std,linear,1,overall,0.4784463375897461,17229
aef,diag_std,linear,1,tiny(<50),0.3173413712331863,2468
aef,diag_std,linear,1,small(50-150),0.3973258404398322,6598
aef,diag_std,linear,1,medium(150-500),0.511295654295938,6256
aef,diag_std,linear,1,large(>500),0.5872545293683589,1907
aef,diag_std,knn,1,overall,0.4821473503936734,17229
aef,diag_std,knn,1,tiny(<50),0.3102774246673658,2468
aef,diag_std,knn,1,small(50-150),0.4287232550474719,6598
aef,diag_std,knn,1,medium(150-500),0.5072110077719926,6256
aef,diag_std,knn,1,large(>500),0.5790877154821173,1907
aef,diag_std,linear,2,overall,0.4678374497704752,17559
aef,diag_std,linear,2,tiny(<50),0.3105276884993959,2846
aef,diag_std,linear,2,small(50-150),0.396033907416798,6651
aef,diag_std,linear,2,medium(150-500),0.5037922368655705,6126
aef,diag_std,linear,2,large(>500),0.5612591773299808,1936
aef,diag_std,knn,2,overall,0.4684346352454392,17559
aef,diag_std,knn,2,tiny(<50),0.2871664446546644,2846
aef,diag_std,knn,2,small(50-150),0.3913873386647805,6651
aef,diag_std,knn,2,medium(150-500),0.511573330719274,6126
aef,diag_std,knn,2,large(>500),0.5896764691830847,1936
aef,diag_std,linear,3,overall,0.4816476627015544,17045
aef,diag_std,linear,3,tiny(<50),0.3129682450354984,2620
aef,diag_std,linear,3,small(50-150),0.4227608394861505,6288
aef,diag_std,linear,3,medium(150-500),0.522407765525657,6205
aef,diag_std,linear,3,large(>500),0.5585080957707125,1932
aef,diag_std,knn,3,overall,0.4807767444763684,17045
aef,diag_std,knn,3,tiny(<50),0.309865984815229,2620
aef,diag_std,knn,3,small(50-150),0.4105760137732991,6288
aef,diag_std,knn,3,medium(150-500),0.5177480781885893,6205
aef,diag_std,knn,3,large(>500),0.5884276369084938,1932
aef,diag_std,linear,4,overall,0.4847585033909655,17478
aef,diag_std,linear,4,tiny(<50),0.2733491805579435,2498
aef,diag_std,linear,4,small(50-150),0.4086813871166703,6773
aef,diag_std,linear,4,medium(150-500),0.5465382618334531,6372
aef,diag_std,linear,4,large(>500),0.5306941617863211,1835
aef,diag_std,knn,4,overall,0.4805883518795427,17478
aef,diag_std,knn,4,tiny(<50),0.2874174222045507,2498
aef,diag_std,knn,4,small(50-150),0.4132200717868194,6773
aef,diag_std,knn,4,medium(150-500),0.5323268339493906,6372
aef,diag_std,knn,4,large(>500),0.5631923916598207,1835
aef,diag_std,linear,5,overall,0.4895126566465784,16640
aef,diag_std,linear,5,tiny(<50),0.3114559643794323,2437
aef,diag_std,linear,5,small(50-150),0.4114162079431522,6214
aef,diag_std,linear,5,medium(150-500),0.5389505075524156,5956
aef,diag_std,linear,5,large(>500),0.543304112074635,2033
aef,diag_std,knn,5,overall,0.4788158391671488,16640
aef,diag_std,knn,5,tiny(<50),0.3174543683421955,2437
aef,diag_std,knn,5,small(50-150),0.4069018993917253,6214
aef,diag_std,knn,5,medium(150-500),0.5171525321733911,5956
aef,diag_std,knn,5,large(>500),0.5773750371139423,2033
aef,shrink_a0.01,linear,1,overall,0.5945750875218042,17229
aef,shrink_a0.01,linear,1,tiny(<50),0.3218360267473884,2468
aef,shrink_a0.01,linear,1,small(50-150),0.5068320402912875,6598
aef,shrink_a0.01,linear,1,medium(150-500),0.6579657258316093,6256
aef,shrink_a0.01,linear,1,large(>500),0.71869166795308,1907
aef,shrink_a0.01,knn,1,overall,0.4716360750438935,17229
aef,shrink_a0.01,knn,1,tiny(<50),0.3048062122024578,2468
aef,shrink_a0.01,knn,1,small(50-150),0.393617762297957,6598
aef,shrink_a0.01,knn,1,medium(150-500),0.507850974207981,6256
aef,shrink_a0.01,knn,1,large(>500),0.5815385257582563,1907
aef,shrink_a0.01,linear,2,overall,0.5877744111287937,17559
aef,shrink_a0.01,linear,2,tiny(<50),0.3458907609418134,2846
aef,shrink_a0.01,linear,2,small(50-150),0.5074459407650446,6651
aef,shrink_a0.01,linear,2,medium(150-500),0.6530957891797151,6126
aef,shrink_a0.01,linear,2,large(>500),0.696084839721968,1936
aef,shrink_a0.01,knn,2,overall,0.4617112584768919,17559
aef,shrink_a0.01,knn,2,tiny(<50),0.2949120070750617,2846
aef,shrink_a0.01,knn,2,small(50-150),0.3901246505683494,6651
aef,shrink_a0.01,knn,2,medium(150-500),0.5064755491469586,6126
aef,shrink_a0.01,knn,2,large(>500),0.5680670336423321,1936
aef,shrink_a0.01,linear,3,overall,0.5831251905744065,17045
aef,shrink_a0.01,linear,3,tiny(<50),0.4371221965278701,2620
aef,shrink_a0.01,linear,3,small(50-150),0.5144365153964342,6288
aef,shrink_a0.01,linear,3,medium(150-500),0.6340402121732865,6205
aef,shrink_a0.01,linear,3,large(>500),0.707217131537509,1932
aef,shrink_a0.01,knn,3,overall,0.4698765468057937,17045
aef,shrink_a0.01,knn,3,tiny(<50),0.3194306342593497,2620
aef,shrink_a0.01,knn,3,small(50-150),0.3943266636979841,6288
aef,shrink_a0.01,knn,3,medium(150-500),0.5098309512964867,6205
aef,shrink_a0.01,knn,3,large(>500),0.556784511249345,1932
aef,shrink_a0.01,linear,4,overall,0.6104206863853777,17478
aef,shrink_a0.01,linear,4,tiny(<50),0.3767135133407994,2498
aef,shrink_a0.01,linear,4,small(50-150),0.5226767209056044,6773
aef,shrink_a0.01,linear,4,medium(150-500),0.6799546344129438,6372
aef,shrink_a0.01,linear,4,large(>500),0.7465060973994998,1835
aef,shrink_a0.01,knn,4,overall,0.4829180126998069,17478
aef,shrink_a0.01,knn,4,tiny(<50),0.2841471222871952,2498
aef,shrink_a0.01,knn,4,small(50-150),0.4052171403932489,6773
aef,shrink_a0.01,knn,4,medium(150-500),0.5401420749922644,6372
aef,shrink_a0.01,knn,4,large(>500),0.5750276622651842,1835
aef,shrink_a0.01,linear,5,overall,0.5840098416939802,16640
aef,shrink_a0.01,linear,5,tiny(<50),0.3535817011729486,2437
aef,shrink_a0.01,linear,5,small(50-150),0.5030015269144982,6214
aef,shrink_a0.01,linear,5,medium(150-500),0.6438851954977537,5956
aef,shrink_a0.01,linear,5,large(>500),0.6788586086593124,2033
aef,shrink_a0.01,knn,5,overall,0.4736422905808818,16640
aef,shrink_a0.01,knn,5,tiny(<50),0.3189787542464699,2437
aef,shrink_a0.01,knn,5,small(50-150),0.3895277915331034,6214
aef,shrink_a0.01,knn,5,medium(150-500),0.5143565326284733,5956
aef,shrink_a0.01,knn,5,large(>500),0.5945732021015119,2033
aef,shrink_a0.05,linear,1,overall,0.5922159036085026,17229
aef,shrink_a0.05,linear,1,tiny(<50),0.3385143706046098,2468
aef,shrink_a0.05,linear,1,small(50-150),0.5006626271217607,6598
aef,shrink_a0.05,linear,1,medium(150-500),0.6509276214811823,6256
aef,shrink_a0.05,linear,1,large(>500),0.7307226110352865,1907
aef,shrink_a0.05,knn,1,overall,0.4718073296658599,17229
aef,shrink_a0.05,knn,1,tiny(<50),0.3020449338518473,2468
aef,shrink_a0.05,knn,1,small(50-150),0.3899918345693727,6598
aef,shrink_a0.05,knn,1,medium(150-500),0.5122646951505709,6256
aef,shrink_a0.05,knn,1,large(>500),0.5813445669177167,1907
aef,shrink_a0.05,linear,2,overall,0.587099102979175,17559
aef,shrink_a0.05,linear,2,tiny(<50),0.3520281895996888,2846
aef,shrink_a0.05,linear,2,small(50-150),0.5080929465189225,6651
aef,shrink_a0.05,linear,2,medium(150-500),0.6514387503154744,6126
aef,shrink_a0.05,linear,2,large(>500),0.6868599723689719,1936
aef,shrink_a0.05,knn,2,overall,0.4624376342307151,17559
aef,shrink_a0.05,knn,2,tiny(<50),0.2970435362572357,2846
aef,shrink_a0.05,knn,2,small(50-150),0.3892526031142407,6651
aef,shrink_a0.05,knn,2,medium(150-500),0.509433191979316,6126
aef,shrink_a0.05,knn,2,large(>500),0.5653920553358762,1936
aef,shrink_a0.05,linear,3,overall,0.585696636925209,17045
aef,shrink_a0.05,linear,3,tiny(<50),0.4077296467576752,2620
aef,shrink_a0.05,linear,3,small(50-150),0.5044638746878869,6288
aef,shrink_a0.05,linear,3,medium(150-500),0.6495819029437356,6205
aef,shrink_a0.05,linear,3,large(>500),0.7067532721498324,1932
aef,shrink_a0.05,knn,3,overall,0.4708593499914504,17045
aef,shrink_a0.05,knn,3,tiny(<50),0.3202254771463284,2620
aef,shrink_a0.05,knn,3,small(50-150),0.3979431865640441,6288
aef,shrink_a0.05,knn,3,medium(150-500),0.5104109326648194,6205
aef,shrink_a0.05,knn,3,large(>500),0.5518020334451956,1932
aef,shrink_a0.05,linear,4,overall,0.6104776450938307,17478
aef,shrink_a0.05,linear,4,tiny(<50),0.3683590663123158,2498
aef,shrink_a0.05,linear,4,small(50-150),0.5267250257587068,6773
aef,shrink_a0.05,linear,4,medium(150-500),0.679520065724672,6372
aef,shrink_a0.05,linear,4,large(>500),0.7470486246367033,1835
aef,shrink_a0.05,knn,4,overall,0.4820091620850981,17478
aef,shrink_a0.05,knn,4,tiny(<50),0.2858906727625964,2498
aef,shrink_a0.05,knn,4,small(50-150),0.4059358259696467,6773
aef,shrink_a0.05,knn,4,medium(150-500),0.537208148585774,6372
aef,shrink_a0.05,knn,4,large(>500),0.5759961798764192,1835
aef,shrink_a0.05,linear,5,overall,0.5852719520007769,16640
aef,shrink_a0.05,linear,5,tiny(<50),0.354826078552485,2437
aef,shrink_a0.05,linear,5,small(50-150),0.5018768810954307,6214
aef,shrink_a0.05,linear,5,medium(150-500),0.6458881393757523,5956
aef,shrink_a0.05,linear,5,large(>500),0.6839852281408494,2033
aef,shrink_a0.05,knn,5,overall,0.4744827048701274,16640
aef,shrink_a0.05,knn,5,tiny(<50),0.3168073829328602,2437
aef,shrink_a0.05,knn,5,small(50-150),0.3923405805633062,6214
aef,shrink_a0.05,knn,5,medium(150-500),0.5157804198485025,5956
aef,shrink_a0.05,knn,5,large(>500),0.5907032486541934,2033
aef,shrink_a0.1,linear,1,overall,0.5902910686524085,17229
aef,shrink_a0.1,linear,1,tiny(<50),0.3356714451026735,2468
aef,shrink_a0.1,linear,1,small(50-150),0.502512535551719,6598
aef,shrink_a0.1,linear,1,medium(150-500),0.648650977036341,6256
aef,shrink_a0.1,linear,1,large(>500),0.7112292049424777,1907
aef,shrink_a0.1,knn,1,overall,0.4723407407188943,17229
aef,shrink_a0.1,knn,1,tiny(<50),0.2964735916676393,2468
aef,shrink_a0.1,knn,1,small(50-150),0.3869958832565729,6598
aef,shrink_a0.1,knn,1,medium(150-500),0.5149543080417418,6256
aef,shrink_a0.1,knn,1,large(>500),0.5875911843228336,1907
aef,shrink_a0.1,linear,2,overall,0.5883449529156537,17559
aef,shrink_a0.1,linear,2,tiny(<50),0.3466941235812637,2846
aef,shrink_a0.1,linear,2,small(50-150),0.5122922108418999,6651
aef,shrink_a0.1,linear,2,medium(150-500),0.6512687486302089,6126
aef,shrink_a0.1,linear,2,large(>500),0.6882507028562972,1936
aef,shrink_a0.1,knn,2,overall,0.4640975175927465,17559
aef,shrink_a0.1,knn,2,tiny(<50),0.3019679561632682,2846
aef,shrink_a0.1,knn,2,small(50-150),0.3881026573487139,6651
aef,shrink_a0.1,knn,2,medium(150-500),0.5130469054016524,6126
aef,shrink_a0.1,knn,2,large(>500),0.5652700650463989,1936
aef,shrink_a0.1,linear,3,overall,0.5876052607995192,17045
aef,shrink_a0.1,linear,3,tiny(<50),0.3924542755615231,2620
aef,shrink_a0.1,linear,3,small(50-150),0.5185429888956183,6288
aef,shrink_a0.1,linear,3,medium(150-500),0.6421597930415204,6205
aef,shrink_a0.1,linear,3,large(>500),0.7055089457361643,1932
aef,shrink_a0.1,knn,3,overall,0.4685514271664051,17045
aef,shrink_a0.1,knn,3,tiny(<50),0.3199723611729992,2620
aef,shrink_a0.1,knn,3,small(50-150),0.3978562826933383,6288
aef,shrink_a0.1,knn,3,medium(150-500),0.5059069450242623,6205
aef,shrink_a0.1,knn,3,large(>500),0.546364890090713,1932
aef,shrink_a0.1,linear,4,overall,0.6092856243607138,17478
aef,shrink_a0.1,linear,4,tiny(<50),0.3724916486164337,2498
aef,shrink_a0.1,linear,4,small(50-150),0.5235051221153033,6773
aef,shrink_a0.1,linear,4,medium(150-500),0.6770173139332845,6372
aef,shrink_a0.1,linear,4,large(>500),0.752236988107034,1835
aef,shrink_a0.1,knn,4,overall,0.4822654851524542,17478
aef,shrink_a0.1,knn,4,tiny(<50),0.2845511157672465,2498
aef,shrink_a0.1,knn,4,small(50-150),0.4063731757733349,6773
aef,shrink_a0.1,knn,4,medium(150-500),0.5396618071558886,6372
aef,shrink_a0.1,knn,4,large(>500),0.5740675384196012,1835
aef,shrink_a0.1,linear,5,overall,0.586882016587349,16640
aef,shrink_a0.1,linear,5,tiny(<50),0.3624726516505327,2437
aef,shrink_a0.1,linear,5,small(50-150),0.5053043689825203,6214
aef,shrink_a0.1,linear,5,medium(150-500),0.6447210072139287,5956
aef,shrink_a0.1,linear,5,large(>500),0.6849322852649696,2033
aef,shrink_a0.1,knn,5,overall,0.4751417950624796,16640
aef,shrink_a0.1,knn,5,tiny(<50),0.3102148964471155,2437
aef,shrink_a0.1,knn,5,small(50-150),0.3940379661391229,6214
aef,shrink_a0.1,knn,5,medium(150-500),0.5166950168579192,5956
aef,shrink_a0.1,knn,5,large(>500),0.5952158915736621,2033
aef,shrink_a0.25,linear,1,overall,0.5896627209349758,17229
aef,shrink_a0.25,linear,1,tiny(<50),0.3284487678467665,2468
aef,shrink_a0.25,linear,1,small(50-150),0.5046493583703806,6598
aef,shrink_a0.25,linear,1,medium(150-500),0.6457539856059689,6256
aef,shrink_a0.25,linear,1,large(>500),0.7130214518463847,1907
aef,shrink_a0.25,knn,1,overall,0.4769270025610899,17229
aef,shrink_a0.25,knn,1,tiny(<50),0.3121792638245225,2468
aef,shrink_a0.25,knn,1,small(50-150),0.3961115375484932,6598
aef,shrink_a0.25,knn,1,medium(150-500),0.5152706152508562,6256
aef,shrink_a0.25,knn,1,large(>500),0.5840913362373816,1907
aef,shrink_a0.25,linear,2,overall,0.5874562204539041,17559
aef,shrink_a0.25,linear,2,tiny(<50),0.3462004225596145,2846
aef,shrink_a0.25,linear,2,small(50-150),0.5111194209631633,6651
aef,shrink_a0.25,linear,2,medium(150-500),0.6513715418415764,6126
aef,shrink_a0.25,linear,2,large(>500),0.6844257079341765,1936
aef,shrink_a0.25,knn,2,overall,0.4670326743094011,17559
aef,shrink_a0.25,knn,2,tiny(<50),0.3028507047109161,2846
aef,shrink_a0.25,knn,2,small(50-150),0.3972729495523953,6651
aef,shrink_a0.25,knn,2,medium(150-500),0.5139484198899043,6126
aef,shrink_a0.25,knn,2,large(>500),0.5524547535983678,1936
aef,shrink_a0.25,linear,3,overall,0.5822530400089894,17045
aef,shrink_a0.25,linear,3,tiny(<50),0.4415961316858395,2620
aef,shrink_a0.25,linear,3,small(50-150),0.5147285858791142,6288
aef,shrink_a0.25,linear,3,medium(150-500),0.6321307192820105,6205
aef,shrink_a0.25,linear,3,large(>500),0.7035117907135465,1932
aef,shrink_a0.25,knn,3,overall,0.4712947423074595,17045
aef,shrink_a0.25,knn,3,tiny(<50),0.3070016880723246,2620
aef,shrink_a0.25,knn,3,small(50-150),0.3998444078048145,6288
aef,shrink_a0.25,knn,3,medium(150-500),0.5053313566260744,6205
aef,shrink_a0.25,knn,3,large(>500),0.5713169395479347,1932
aef,shrink_a0.25,linear,4,overall,0.6089190071323201,17478
aef,shrink_a0.25,linear,4,tiny(<50),0.3686351625114259,2498
aef,shrink_a0.25,linear,4,small(50-150),0.5219386257795293,6773
aef,shrink_a0.25,linear,4,medium(150-500),0.6774279707896959,6372
aef,shrink_a0.25,linear,4,large(>500),0.750286312158564,1835
aef,shrink_a0.25,knn,4,overall,0.490009521730765,17478
aef,shrink_a0.25,knn,4,tiny(<50),0.2899637657659127,2498
aef,shrink_a0.25,knn,4,small(50-150),0.4124216176283777,6773
aef,shrink_a0.25,knn,4,medium(150-500),0.5428574203712164,6372
aef,shrink_a0.25,knn,4,large(>500),0.6004395766440855,1835
aef,shrink_a0.25,linear,5,overall,0.5827198205365742,16640
aef,shrink_a0.25,linear,5,tiny(<50),0.3547220454885603,2437
aef,shrink_a0.25,linear,5,small(50-150),0.5011005357982108,6214
aef,shrink_a0.25,linear,5,medium(150-500),0.642513124768889,5956
aef,shrink_a0.25,linear,5,large(>500),0.6779870432453068,2033
aef,shrink_a0.25,knn,5,overall,0.4797164199225363,16640
aef,shrink_a0.25,knn,5,tiny(<50),0.3125918981553484,2437
aef,shrink_a0.25,knn,5,small(50-150),0.3942860168027274,6214
aef,shrink_a0.25,knn,5,medium(150-500),0.5190201585747198,5956
aef,shrink_a0.25,knn,5,large(>500),0.6142368897985624,2033
aef,shrink_a0.5,linear,1,overall,0.5879568319277924,17229
aef,shrink_a0.5,linear,1,tiny(<50),0.3307994437396668,2468
aef,shrink_a0.5,linear,1,small(50-150),0.4950600245175471,6598
aef,shrink_a0.5,linear,1,medium(150-500),0.6497998134667407,6256
aef,shrink_a0.5,linear,1,large(>500),0.7029352030932512,1907
aef,shrink_a0.5,knn,1,overall,0.47311099990954,17229
aef,shrink_a0.5,knn,1,tiny(<50),0.2997052585742322,2468
aef,shrink_a0.5,knn,1,small(50-150),0.3983276270151179,6598
aef,shrink_a0.5,knn,1,medium(150-500),0.5090004740312154,6256
aef,shrink_a0.5,knn,1,large(>500),0.5819503240594273,1907
aef,shrink_a0.5,linear,2,overall,0.5888990130040955,17559
aef,shrink_a0.5,linear,2,tiny(<50),0.3424217449856467,2846
aef,shrink_a0.5,linear,2,small(50-150),0.5145433701522749,6651
aef,shrink_a0.5,linear,2,medium(150-500),0.6525901781567504,6126
aef,shrink_a0.5,linear,2,large(>500),0.6857376333564524,1936
aef,shrink_a0.5,knn,2,overall,0.4700367564105482,17559
aef,shrink_a0.5,knn,2,tiny(<50),0.2977179493587172,2846
aef,shrink_a0.5,knn,2,small(50-150),0.392326371773334,6651
aef,shrink_a0.5,knn,2,medium(150-500),0.5208695232319804,6126
aef,shrink_a0.5,knn,2,large(>500),0.5704285220910109,1936
aef,shrink_a0.5,linear,3,overall,0.5822941771879562,17045
aef,shrink_a0.5,linear,3,tiny(<50),0.4476631671311883,2620
aef,shrink_a0.5,linear,3,small(50-150),0.5111815922085634,6288
aef,shrink_a0.5,linear,3,medium(150-500),0.6347141396570998,6205
aef,shrink_a0.5,linear,3,large(>500),0.70373076982571,1932
aef,shrink_a0.5,knn,3,overall,0.4674568690127153,17045
aef,shrink_a0.5,knn,3,tiny(<50),0.2808914464551204,2620
aef,shrink_a0.5,knn,3,small(50-150),0.3997058743562598,6288
aef,shrink_a0.5,knn,3,medium(150-500),0.5041536412230134,6205
aef,shrink_a0.5,knn,3,large(>500),0.5573934037039455,1932
aef,shrink_a0.5,linear,4,overall,0.6090172736700503,17478
aef,shrink_a0.5,linear,4,tiny(<50),0.3804478089118049,2498
aef,shrink_a0.5,linear,4,small(50-150),0.5185397052316495,6773
aef,shrink_a0.5,linear,4,medium(150-500),0.6778000284866645,6372
aef,shrink_a0.5,linear,4,large(>500),0.7507981846484704,1835
aef,shrink_a0.5,knn,4,overall,0.4804075398857646,17478
aef,shrink_a0.5,knn,4,tiny(<50),0.2942394679769824,2498
aef,shrink_a0.5,knn,4,small(50-150),0.4024565586938646,6773
aef,shrink_a0.5,knn,4,medium(150-500),0.5325169330883441,6372
aef,shrink_a0.5,knn,4,large(>500),0.5806048249840441,1835
aef,shrink_a0.5,linear,5,overall,0.5895471386640198,16640
aef,shrink_a0.5,linear,5,tiny(<50),0.3604796561814873,2437
aef,shrink_a0.5,linear,5,small(50-150),0.5131575258546183,6214
aef,shrink_a0.5,linear,5,medium(150-500),0.6458565897843589,5956
aef,shrink_a0.5,linear,5,large(>500),0.6838885791603171,2033
aef,shrink_a0.5,knn,5,overall,0.4740671518551078,16640
aef,shrink_a0.5,knn,5,tiny(<50),0.3164978622162144,2437
aef,shrink_a0.5,knn,5,small(50-150),0.3900305026029029,6214
aef,shrink_a0.5,knn,5,medium(150-500),0.5134655530888579,5956
aef,shrink_a0.5,knn,5,large(>500),0.5883993482341877,2033
olmoearth,sample_cov,linear,1,overall,0.4262916690880123,17229
olmoearth,sample_cov,linear,1,tiny(<50),0.1958223460831548,2468
olmoearth,sample_cov,linear,1,small(50-150),0.316762414003324,6598
olmoearth,sample_cov,linear,1,medium(150-500),0.4973920328669307,6256
olmoearth,sample_cov,linear,1,large(>500),0.5493210814967993,1907
olmoearth,sample_cov,knn,1,overall,0.2218657911182943,17229
olmoearth,sample_cov,knn,1,tiny(<50),0.1188933754908659,2468
olmoearth,sample_cov,knn,1,small(50-150),0.183588664215833,6598
olmoearth,sample_cov,knn,1,medium(150-500),0.2487656474633933,6256
olmoearth,sample_cov,knn,1,large(>500),0.2818235199006962,1907
olmoearth,sample_cov,linear,2,overall,0.4199431835994841,17559
olmoearth,sample_cov,linear,2,tiny(<50),0.1900380676674503,2846
olmoearth,sample_cov,linear,2,small(50-150),0.3191370561792428,6651
olmoearth,sample_cov,linear,2,medium(150-500),0.4835018500656515,6126
olmoearth,sample_cov,linear,2,large(>500),0.5355023914926851,1936
olmoearth,sample_cov,knn,2,overall,0.2155044371485661,17559
olmoearth,sample_cov,knn,2,tiny(<50),0.1228695947762465,2846
olmoearth,sample_cov,knn,2,small(50-150),0.1624422812061612,6651
olmoearth,sample_cov,knn,2,medium(150-500),0.2528017036619087,6126
olmoearth,sample_cov,knn,2,large(>500),0.264376476679439,1936
olmoearth,sample_cov,linear,3,overall,0.4294111178126816,17045
olmoearth,sample_cov,linear,3,tiny(<50),0.2055344183502951,2620
olmoearth,sample_cov,linear,3,small(50-150),0.3137729771527748,6288
olmoearth,sample_cov,linear,3,medium(150-500),0.4998318458263597,6205
olmoearth,sample_cov,linear,3,large(>500),0.5562538969576463,1932
olmoearth,sample_cov,knn,3,overall,0.2289500736836295,17045
olmoearth,sample_cov,knn,3,tiny(<50),0.1284155502224934,2620
olmoearth,sample_cov,knn,3,small(50-150),0.1820896469423554,6288
olmoearth,sample_cov,knn,3,medium(150-500),0.2506222352051324,6205
olmoearth,sample_cov,knn,3,large(>500),0.3079997983377706,1932
olmoearth,sample_cov,linear,4,overall,0.418124763049705,17478
olmoearth,sample_cov,linear,4,tiny(<50),0.18120397392827,2498
olmoearth,sample_cov,linear,4,small(50-150),0.3297044972480881,6773
olmoearth,sample_cov,linear,4,medium(150-500),0.4833153296733658,6372
olmoearth,sample_cov,linear,4,large(>500),0.5568724528384127,1835
olmoearth,sample_cov,knn,4,overall,0.2205064680310093,17478
olmoearth,sample_cov,knn,4,tiny(<50),0.114296590292243,2498
olmoearth,sample_cov,knn,4,small(50-150),0.1693340887801358,6773
olmoearth,sample_cov,knn,4,medium(150-500),0.2552137244006939,6372
olmoearth,sample_cov,knn,4,large(>500),0.2900725533929898,1835
olmoearth,sample_cov,linear,5,overall,0.4235889756915738,16640
olmoearth,sample_cov,linear,5,tiny(<50),0.1818782189535461,2437
olmoearth,sample_cov,linear,5,small(50-150),0.3163909289258568,6214
olmoearth,sample_cov,linear,5,medium(150-500),0.4886662781353367,5956
olmoearth,sample_cov,linear,5,large(>500),0.5566213226274676,2033
olmoearth,sample_cov,knn,5,overall,0.2243711257395015,16640
olmoearth,sample_cov,knn,5,tiny(<50),0.1171922803743544,2437
olmoearth,sample_cov,knn,5,small(50-150),0.1860830238418928,6214
olmoearth,sample_cov,knn,5,medium(150-500),0.244654946545602,5956
olmoearth,sample_cov,knn,5,large(>500),0.2859119986648324,2033
olmoearth,ledoit_wolf,linear,1,overall,0.4246673229868732,17229
olmoearth,ledoit_wolf,linear,1,tiny(<50),0.1920246532814301,2468
olmoearth,ledoit_wolf,linear,1,small(50-150),0.3169331679264813,6598
olmoearth,ledoit_wolf,linear,1,medium(150-500),0.4955365860956107,6256
olmoearth,ledoit_wolf,linear,1,large(>500),0.5464603053749365,1907
olmoearth,ledoit_wolf,knn,1,overall,0.2203595785484547,17229
olmoearth,ledoit_wolf,knn,1,tiny(<50),0.116308665097522,2468
olmoearth,ledoit_wolf,knn,1,small(50-150),0.1816103654013411,6598
olmoearth,ledoit_wolf,knn,1,medium(150-500),0.2485433376593846,6256
olmoearth,ledoit_wolf,knn,1,large(>500),0.2812935782787596,1907
olmoearth,ledoit_wolf,linear,2,overall,0.4206224664755458,17559
olmoearth,ledoit_wolf,linear,2,tiny(<50),0.189470170656575,2846
olmoearth,ledoit_wolf,linear,2,small(50-150),0.3157243578785764,6651
olmoearth,ledoit_wolf,linear,2,medium(150-500),0.4863034303040394,6126
olmoearth,ledoit_wolf,linear,2,large(>500),0.5356074699692766,1936
olmoearth,ledoit_wolf,knn,2,overall,0.2145267640345785,17559
olmoearth,ledoit_wolf,knn,2,tiny(<50),0.1198831291986128,2846
olmoearth,ledoit_wolf,knn,2,small(50-150),0.1636049279875853,6651
olmoearth,ledoit_wolf,knn,2,medium(150-500),0.2510284578701205,6126
olmoearth,ledoit_wolf,knn,2,large(>500),0.267921217205202,1936
olmoearth,ledoit_wolf,linear,3,overall,0.4320350924800079,17045
olmoearth,ledoit_wolf,linear,3,tiny(<50),0.2012483053051457,2620
olmoearth,ledoit_wolf,linear,3,small(50-150),0.3176500356757997,6288
olmoearth,ledoit_wolf,linear,3,medium(150-500),0.5044869266218216,6205
olmoearth,ledoit_wolf,linear,3,large(>500),0.554555084853039,1932
olmoearth,ledoit_wolf,knn,3,overall,0.2282559681739371,17045
olmoearth,ledoit_wolf,knn,3,tiny(<50),0.1267386296583244,2620
olmoearth,ledoit_wolf,knn,3,small(50-150),0.1802769436580663,6288
olmoearth,ledoit_wolf,knn,3,medium(150-500),0.2522610128673166,6205
olmoearth,ledoit_wolf,knn,3,large(>500),0.3052238669254292,1932
olmoearth,ledoit_wolf,linear,4,overall,0.4131748665742634,17478
olmoearth,ledoit_wolf,linear,4,tiny(<50),0.1792108153216439,2498
olmoearth,ledoit_wolf,linear,4,small(50-150),0.3239428440673356,6773
olmoearth,ledoit_wolf,linear,4,medium(150-500),0.4754883020643923,6372
olmoearth,ledoit_wolf,linear,4,large(>500),0.5582492429015533,1835
olmoearth,ledoit_wolf,knn,4,overall,0.2206093901439317,17478
olmoearth,ledoit_wolf,knn,4,tiny(<50),0.1125173601159657,2498
olmoearth,ledoit_wolf,knn,4,small(50-150),0.1709942781385043,6773
olmoearth,ledoit_wolf,knn,4,medium(150-500),0.2551837643660681,6372
olmoearth,ledoit_wolf,knn,4,large(>500),0.2898736386320196,1835
olmoearth,ledoit_wolf,linear,5,overall,0.4237174042310181,16640
olmoearth,ledoit_wolf,linear,5,tiny(<50),0.1820583171920627,2437
olmoearth,ledoit_wolf,linear,5,small(50-150),0.3163167266944832,6214
olmoearth,ledoit_wolf,linear,5,medium(150-500),0.4880850195637854,5956
olmoearth,ledoit_wolf,linear,5,large(>500),0.554649846146366,2033
olmoearth,ledoit_wolf,knn,5,overall,0.2246025511995867,16640
olmoearth,ledoit_wolf,knn,5,tiny(<50),0.115836357869228,2437
olmoearth,ledoit_wolf,knn,5,small(50-150),0.1864203444628932,6214
olmoearth,ledoit_wolf,knn,5,medium(150-500),0.2463073624022226,5956
olmoearth,ledoit_wolf,knn,5,large(>500),0.2838167018085177,2033
olmoearth,oas,linear,1,overall,0.4262802120171154,17229
olmoearth,oas,linear,1,tiny(<50),0.1939177662788159,2468
olmoearth,oas,linear,1,small(50-150),0.313548970213474,6598
olmoearth,oas,linear,1,medium(150-500),0.5004295479119647,6256
olmoearth,oas,linear,1,large(>500),0.5448249028605824,1907
olmoearth,oas,knn,1,overall,0.2216629409826557,17229
olmoearth,oas,knn,1,tiny(<50),0.1193281418560278,2468
olmoearth,oas,knn,1,small(50-150),0.182733961406502,6598
olmoearth,oas,knn,1,medium(150-500),0.2479254780260798,6256
olmoearth,oas,knn,1,large(>500),0.2834203017675529,1907
olmoearth,oas,linear,2,overall,0.4217370544424934,17559
olmoearth,oas,linear,2,tiny(<50),0.1961799599652626,2846
olmoearth,oas,linear,2,small(50-150),0.3186365066846515,6651
olmoearth,oas,linear,2,medium(150-500),0.4841529321738802,6126
olmoearth,oas,linear,2,large(>500),0.5441966440244775,1936
olmoearth,oas,knn,2,overall,0.2156476239445909,17559
olmoearth,oas,knn,2,tiny(<50),0.123048870573866,2846
olmoearth,oas,knn,2,small(50-150),0.1633157701353487,6651
olmoearth,oas,knn,2,medium(150-500),0.2534966012304713,6126
olmoearth,oas,knn,2,large(>500),0.2627977907156554,1936
olmoearth,oas,linear,3,overall,0.428871463541639,17045
olmoearth,oas,linear,3,tiny(<50),0.2053846649096563,2620
olmoearth,oas,linear,3,small(50-150),0.3144676613259575,6288
olmoearth,oas,linear,3,medium(150-500),0.5002745139597804,6205
olmoearth,oas,linear,3,large(>500),0.5499154915353356,1932
olmoearth,oas,knn,3,overall,0.2286448345407409,17045
olmoearth,oas,knn,3,tiny(<50),0.1198502772870851,2620
olmoearth,oas,knn,3,small(50-150),0.1827912323500952,6288
olmoearth,oas,knn,3,medium(150-500),0.2506643339218796,6205
olmoearth,oas,knn,3,large(>500),0.3058942988242016,1932
olmoearth,oas,linear,4,overall,0.4191194661306339,17478
olmoearth,oas,linear,4,tiny(<50),0.1802650002213252,2498
olmoearth,oas,linear,4,small(50-150),0.3267007825112806,6773
olmoearth,oas,linear,4,medium(150-500),0.4850888292656543,6372
olmoearth,oas,linear,4,large(>500),0.5612557020662454,1835
olmoearth,oas,knn,4,overall,0.2201903968278902,17478
olmoearth,oas,knn,4,tiny(<50),0.1136849495853008,2498
olmoearth,oas,knn,4,small(50-150),0.1698326561246457,6773
olmoearth,oas,knn,4,medium(150-500),0.2547130418511506,6372
olmoearth,oas,knn,4,large(>500),0.2900540469626522,1835
olmoearth,oas,linear,5,overall,0.4266761694925302,16640
olmoearth,oas,linear,5,tiny(<50),0.1784686671171125,2437
olmoearth,oas,linear,5,small(50-150),0.3173489333314773,6214
olmoearth,oas,linear,5,medium(150-500),0.4910618646229324,5956
olmoearth,oas,linear,5,large(>500),0.5615897686020298,2033
olmoearth,oas,knn,5,overall,0.224293441348529,16640
olmoearth,oas,knn,5,tiny(<50),0.115952412356096,2437
olmoearth,oas,knn,5,small(50-150),0.1859346153585898,6214
olmoearth,oas,knn,5,medium(150-500),0.2454329429807101,5956
olmoearth,oas,knn,5,large(>500),0.2838335837011764,2033
olmoearth,diag_std,linear,1,overall,0.2297435530090493,17229
olmoearth,diag_std,linear,1,tiny(<50),0.0949191089234255,2468
olmoearth,diag_std,linear,1,small(50-150),0.1668396565845943,6598
olmoearth,diag_std,linear,1,medium(150-500),0.2677274649511074,6256
olmoearth,diag_std,linear,1,large(>500),0.3092487679600215,1907
olmoearth,diag_std,knn,1,overall,0.1400925191611853,17229
olmoearth,diag_std,knn,1,tiny(<50),0.0752341424327644,2468
olmoearth,diag_std,knn,1,small(50-150),0.1020260098071376,6598
olmoearth,diag_std,knn,1,medium(150-500),0.1590772842908497,6256
olmoearth,diag_std,knn,1,large(>500),0.1893672467044823,1907
olmoearth,diag_std,linear,2,overall,0.2223891199939573,17559
olmoearth,diag_std,linear,2,tiny(<50),0.1029469117176151,2846
olmoearth,diag_std,linear,2,small(50-150),0.1621047469356264,6651
olmoearth,diag_std,linear,2,medium(150-500),0.2557254963607274,6126
olmoearth,diag_std,linear,2,large(>500),0.2862362555661943,1936
olmoearth,diag_std,knn,2,overall,0.1409439866389228,17559
olmoearth,diag_std,knn,2,tiny(<50),0.0683024628823085,2846
olmoearth,diag_std,knn,2,small(50-150),0.1054102236191891,6651
olmoearth,diag_std,knn,2,medium(150-500),0.1606634279291624,6126
olmoearth,diag_std,knn,2,large(>500),0.1942682513225055,1936
olmoearth,diag_std,linear,3,overall,0.2208160420251673,17045
olmoearth,diag_std,linear,3,tiny(<50),0.0965545957115392,2620
olmoearth,diag_std,linear,3,small(50-150),0.1613020140942037,6288
olmoearth,diag_std,linear,3,medium(150-500),0.2592057107058193,6205
olmoearth,diag_std,linear,3,large(>500),0.2944848801829174,1932
olmoearth,diag_std,knn,3,overall,0.1459681655188083,17045
olmoearth,diag_std,knn,3,tiny(<50),0.0708552544442569,2620
olmoearth,diag_std,knn,3,small(50-150),0.1115102664718727,6288
olmoearth,diag_std,knn,3,medium(150-500),0.1578728343040775,6205
olmoearth,diag_std,knn,3,large(>500),0.2206731187245522,1932
olmoearth,diag_std,linear,4,overall,0.2259654493172756,17478
olmoearth,diag_std,linear,4,tiny(<50),0.0965459844045788,2498
olmoearth,diag_std,linear,4,small(50-150),0.1614021918243146,6773
olmoearth,diag_std,linear,4,medium(150-500),0.2663096417901534,6372
olmoearth,diag_std,linear,4,large(>500),0.2900666778056566,1835
olmoearth,diag_std,knn,4,overall,0.1515302483804888,17478
olmoearth,diag_std,knn,4,tiny(<50),0.0891992515424842,2498
olmoearth,diag_std,knn,4,small(50-150),0.1138033015314285,6773
olmoearth,diag_std,knn,4,medium(150-500),0.1719482786569231,6372
olmoearth,diag_std,knn,4,large(>500),0.2078171450508513,1835
olmoearth,diag_std,linear,5,overall,0.2282105857821498,16640
olmoearth,diag_std,linear,5,tiny(<50),0.1019951295653939,2437
olmoearth,diag_std,linear,5,small(50-150),0.1615593189919957,6214
olmoearth,diag_std,linear,5,medium(150-500),0.2627175844728292,5956
olmoearth,diag_std,linear,5,large(>500),0.3055367359659687,2033
olmoearth,diag_std,knn,5,overall,0.1439477942583835,16640
olmoearth,diag_std,knn,5,tiny(<50),0.0844747402953622,2437
olmoearth,diag_std,knn,5,small(50-150),0.1027290373559877,6214
olmoearth,diag_std,knn,5,medium(150-500),0.1550538706710345,5956
olmoearth,diag_std,knn,5,large(>500),0.2083261597425099,2033
olmoearth,shrink_a0.01,linear,1,overall,0.4263970297770493,17229
olmoearth,shrink_a0.01,linear,1,tiny(<50),0.1958223460831548,2468
olmoearth,shrink_a0.01,linear,1,small(50-150),0.316762414003324,6598
olmoearth,shrink_a0.01,linear,1,medium(150-500),0.4976544242411045,6256
olmoearth,shrink_a0.01,linear,1,large(>500),0.5493210814967993,1907
olmoearth,shrink_a0.01,knn,1,overall,0.2218165774101304,17229
olmoearth,shrink_a0.01,knn,1,tiny(<50),0.1188674009018692,2468
olmoearth,shrink_a0.01,knn,1,small(50-150),0.1834039129241009,6598
olmoearth,shrink_a0.01,knn,1,medium(150-500),0.2488111617632314,6256
olmoearth,shrink_a0.01,knn,1,large(>500),0.2816866514132565,1907
olmoearth,shrink_a0.01,linear,2,overall,0.4197202667927356,17559
olmoearth,shrink_a0.01,linear,2,tiny(<50),0.1892693966820903,2846
olmoearth,shrink_a0.01,linear,2,small(50-150),0.3187191677737441,6651
olmoearth,shrink_a0.01,linear,2,medium(150-500),0.4834673814380898,6126
olmoearth,shrink_a0.01,linear,2,large(>500),0.5349749603898082,1936
olmoearth,shrink_a0.01,knn,2,overall,0.2144468588600093,17559
olmoearth,shrink_a0.01,knn,2,tiny(<50),0.1228962139614558,2846
olmoearth,shrink_a0.01,knn,2,small(50-150),0.1624382351951526,6651
olmoearth,shrink_a0.01,knn,2,medium(150-500),0.2512401612336711,6126
olmoearth,shrink_a0.01,knn,2,large(>500),0.2622940819263626,1936
olmoearth,shrink_a0.01,linear,3,overall,0.4295769782753745,17045
olmoearth,shrink_a0.01,linear,3,tiny(<50),0.2061050867549917,2620
olmoearth,shrink_a0.01,linear,3,small(50-150),0.3130017045775424,6288
olmoearth,shrink_a0.01,linear,3,medium(150-500),0.5000499596609354,6205
olmoearth,shrink_a0.01,linear,3,large(>500),0.557023020575437,1932
olmoearth,shrink_a0.01,knn,3,overall,0.2285521212836408,17045
olmoearth,shrink_a0.01,knn,3,tiny(<50),0.1286083921131615,2620
olmoearth,shrink_a0.01,knn,3,small(50-150),0.182001962867509,6288
olmoearth,shrink_a0.01,knn,3,medium(150-500),0.2501693505990163,6205
olmoearth,shrink_a0.01,knn,3,large(>500),0.3040197972946937,1932
olmoearth,shrink_a0.01,linear,4,overall,0.4184843025790329,17478
olmoearth,shrink_a0.01,linear,4,tiny(<50),0.1800058824738227,2498
olmoearth,shrink_a0.01,linear,4,small(50-150),0.3296672925037163,6773
olmoearth,shrink_a0.01,linear,4,medium(150-500),0.480891092435191,6372
olmoearth,shrink_a0.01,linear,4,large(>500),0.5642406241251404,1835
olmoearth,shrink_a0.01,knn,4,overall,0.2208064762426789,17478
olmoearth,shrink_a0.01,knn,4,tiny(<50),0.1142007940909981,2498
olmoearth,shrink_a0.01,knn,4,small(50-150),0.1700014302429123,6773
olmoearth,shrink_a0.01,knn,4,medium(150-500),0.2552687547886548,6372
olmoearth,shrink_a0.01,knn,4,large(>500),0.2900920577975932,1835
olmoearth,shrink_a0.01,linear,5,overall,0.4227200901689196,16640
olmoearth,shrink_a0.01,linear,5,tiny(<50),0.1822839498444627,2437
olmoearth,shrink_a0.01,linear,5,small(50-150),0.314820219889332,6214
olmoearth,shrink_a0.01,linear,5,medium(150-500),0.4861296278682468,5956
olmoearth,shrink_a0.01,linear,5,large(>500),0.5596344448162274,2033
olmoearth,shrink_a0.01,knn,5,overall,0.2246256159434495,16640
olmoearth,shrink_a0.01,knn,5,tiny(<50),0.1170018910824601,2437
olmoearth,shrink_a0.01,knn,5,small(50-150),0.1855089402730509,6214
olmoearth,shrink_a0.01,knn,5,medium(150-500),0.2457215981689014,5956
olmoearth,shrink_a0.01,knn,5,large(>500),0.2859119986648324,2033
olmoearth,shrink_a0.05,linear,1,overall,0.4262916690880123,17229
olmoearth,shrink_a0.05,linear,1,tiny(<50),0.1958223460831548,2468
olmoearth,shrink_a0.05,linear,1,small(50-150),0.316762414003324,6598
olmoearth,shrink_a0.05,linear,1,medium(150-500),0.4973920328669307,6256
olmoearth,shrink_a0.05,linear,1,large(>500),0.5493210814967993,1907
olmoearth,shrink_a0.05,knn,1,overall,0.2222096201712016,17229
olmoearth,shrink_a0.05,knn,1,tiny(<50),0.1197279042023512,2468
olmoearth,shrink_a0.05,knn,1,small(50-150),0.183229559723427,6598
olmoearth,shrink_a0.05,knn,1,medium(150-500),0.249224444918598,6256
olmoearth,shrink_a0.05,knn,1,large(>500),0.2814881155607954,1907
olmoearth,shrink_a0.05,linear,2,overall,0.4211290136874789,17559
olmoearth,shrink_a0.05,linear,2,tiny(<50),0.196287509137126,2846
olmoearth,shrink_a0.05,linear,2,small(50-150),0.3185638350922148,6651
olmoearth,shrink_a0.05,linear,2,medium(150-500),0.4827722855149218,6126
olmoearth,shrink_a0.05,linear,2,large(>500),0.5433850569666654,1936
olmoearth,shrink_a0.05,knn,2,overall,0.2141851873874011,17559
olmoearth,shrink_a0.05,knn,2,tiny(<50),0.1214036788056326,2846
olmoearth,shrink_a0.05,knn,2,small(50-150),0.1634455389957444,6651
olmoearth,shrink_a0.05,knn,2,medium(150-500),0.2513916172892014,6126
olmoearth,shrink_a0.05,knn,2,large(>500),0.2614028222611418,1936
olmoearth,shrink_a0.05,linear,3,overall,0.429163472304148,17045
olmoearth,shrink_a0.05,linear,3,tiny(<50),0.2055344183502951,2620
olmoearth,shrink_a0.05,linear,3,small(50-150),0.3129133642241963,6288
olmoearth,shrink_a0.05,linear,3,medium(150-500),0.4998318458263597,6205
olmoearth,shrink_a0.05,linear,3,large(>500),0.5562538969576463,1932
olmoearth,shrink_a0.05,knn,3,overall,0.2267629403347476,17045
olmoearth,shrink_a0.05,knn,3,tiny(<50),0.1195523927973662,2620
olmoearth,shrink_a0.05,knn,3,small(50-150),0.1843968778007175,6288
olmoearth,shrink_a0.05,knn,3,medium(150-500),0.2469834161831779,6205
olmoearth,shrink_a0.05,knn,3,large(>500),0.3037378661041796,1932
olmoearth,shrink_a0.05,linear,4,overall,0.4195988119388321,17478
olmoearth,shrink_a0.05,linear,4,tiny(<50),0.1794060926481995,2498
olmoearth,shrink_a0.05,linear,4,small(50-150),0.3306887559209719,6773
olmoearth,shrink_a0.05,linear,4,medium(150-500),0.4850025693372522,6372
olmoearth,shrink_a0.05,linear,4,large(>500),0.5597506153594405,1835
olmoearth,shrink_a0.05,knn,4,overall,0.2209357451650929,17478
olmoearth,shrink_a0.05,knn,4,tiny(<50),0.1138754415912088,2498
olmoearth,shrink_a0.05,knn,4,small(50-150),0.1709576586831104,6773
olmoearth,shrink_a0.05,knn,4,medium(150-500),0.2554262127458668,6372
olmoearth,shrink_a0.05,knn,4,large(>500),0.2884413673770793,1835
olmoearth,shrink_a0.05,linear,5,overall,0.4229512528403027,16640
olmoearth,shrink_a0.05,linear,5,tiny(<50),0.180024100301271,2437
olmoearth,shrink_a0.05,linear,5,small(50-150),0.3147863947717326,6214
olmoearth,shrink_a0.05,linear,5,medium(150-500),0.4898066586182135,5956
olmoearth,shrink_a0.05,linear,5,large(>500),0.545146655544769,2033
olmoearth,shrink_a0.05,knn,5,overall,0.2237555567713401,16640
olmoearth,shrink_a0.05,knn,5,tiny(<50),0.1070942891204675,2437
olmoearth,shrink_a0.05,knn,5,small(50-150),0.1855808825661462,6214
olmoearth,shrink_a0.05,knn,5,medium(150-500),0.244685660262126,5956
olmoearth,shrink_a0.05,knn,5,large(>500),0.2837036500171106,2033
olmoearth,shrink_a0.1,linear,1,overall,0.4263970297770493,17229
olmoearth,shrink_a0.1,linear,1,tiny(<50),0.1958223460831548,2468
olmoearth,shrink_a0.1,linear,1,small(50-150),0.316762414003324,6598
olmoearth,shrink_a0.1,linear,1,medium(150-500),0.4976544242411045,6256
olmoearth,shrink_a0.1,linear,1,large(>500),0.5493210814967993,1907
olmoearth,shrink_a0.1,knn,1,overall,0.2215329150303391,17229
olmoearth,shrink_a0.1,knn,1,tiny(<50),0.1190289292065276,2468
olmoearth,shrink_a0.1,knn,1,small(50-150),0.1827287340745245,6598
olmoearth,shrink_a0.1,knn,1,medium(150-500),0.2506585534961576,6256
olmoearth,shrink_a0.1,knn,1,large(>500),0.2772793996528006,1907
olmoearth,shrink_a0.1,linear,2,overall,0.4201239159755624,17559
olmoearth,shrink_a0.1,linear,2,tiny(<50),0.1899590351457761,2846
olmoearth,shrink_a0.1,linear,2,small(50-150),0.3195974664146415,6651
olmoearth,shrink_a0.1,linear,2,medium(150-500),0.4828933181418338,6126
olmoearth,shrink_a0.1,linear,2,large(>500),0.5360483919753509,1936
olmoearth,shrink_a0.1,knn,2,overall,0.2144535056039286,17559
olmoearth,shrink_a0.1,knn,2,tiny(<50),0.1205298369884463,2846
olmoearth,shrink_a0.1,knn,2,small(50-150),0.1648712469390793,6651
olmoearth,shrink_a0.1,knn,2,medium(150-500),0.2515137410768198,6126
olmoearth,shrink_a0.1,knn,2,large(>500),0.2553169712391139,1936
olmoearth,shrink_a0.1,linear,3,overall,0.4295934876921309,17045
olmoearth,shrink_a0.1,linear,3,tiny(<50),0.2061050867549917,2620
olmoearth,shrink_a0.1,linear,3,small(50-150),0.3130208696672483,6288
olmoearth,shrink_a0.1,linear,3,medium(150-500),0.500060228415003,6205
olmoearth,shrink_a0.1,linear,3,large(>500),0.557023020575437,1932
olmoearth,shrink_a0.1,knn,3,overall,0.226609775539186,17045
olmoearth,shrink_a0.1,knn,3,tiny(<50),0.1197721101174107,2620
olmoearth,shrink_a0.1,knn,3,small(50-150),0.1805189934280184,6288
olmoearth,shrink_a0.1,knn,3,medium(150-500),0.2488350824918809,6205
olmoearth,shrink_a0.1,knn,3,large(>500),0.3026665978980137,1932
olmoearth,shrink_a0.1,linear,4,overall,0.4184843025790329,17478
olmoearth,shrink_a0.1,linear,4,tiny(<50),0.1800058824738227,2498
olmoearth,shrink_a0.1,linear,4,small(50-150),0.3296672925037163,6773
olmoearth,shrink_a0.1,linear,4,medium(150-500),0.480891092435191,6372
olmoearth,shrink_a0.1,linear,4,large(>500),0.5642406241251404,1835
olmoearth,shrink_a0.1,knn,4,overall,0.2216191835807128,17478
olmoearth,shrink_a0.1,knn,4,tiny(<50),0.112445387687256,2498
olmoearth,shrink_a0.1,knn,4,small(50-150),0.1697671932122575,6773
olmoearth,shrink_a0.1,knn,4,medium(150-500),0.2577723432635468,6372
olmoearth,shrink_a0.1,knn,4,large(>500),0.2900603600082003,1835
olmoearth,shrink_a0.1,linear,5,overall,0.4227930683656473,16640
olmoearth,shrink_a0.1,linear,5,tiny(<50),0.1822839498444627,2437
olmoearth,shrink_a0.1,linear,5,small(50-150),0.314820219889332,6214
olmoearth,shrink_a0.1,linear,5,medium(150-500),0.4861296278682468,5956
olmoearth,shrink_a0.1,linear,5,large(>500),0.5599468459968749,2033
olmoearth,shrink_a0.1,knn,5,overall,0.2248092538498073,16640
olmoearth,shrink_a0.1,knn,5,tiny(<50),0.1172763721274685,2437
olmoearth,shrink_a0.1,knn,5,small(50-150),0.1866469835376985,6214
olmoearth,shrink_a0.1,knn,5,medium(150-500),0.2414413251897477,5956
olmoearth,shrink_a0.1,knn,5,large(>500),0.2912901812411346,2033
olmoearth,shrink_a0.25,linear,1,overall,0.4231800725755147,17229
olmoearth,shrink_a0.25,linear,1,tiny(<50),0.1973895885361808,2468
olmoearth,shrink_a0.25,linear,1,small(50-150),0.3136195886408629,6598
olmoearth,shrink_a0.25,linear,1,medium(150-500),0.4975210754411605,6256
olmoearth,shrink_a0.25,linear,1,large(>500),0.5349781229168573,1907
olmoearth,shrink_a0.25,knn,1,overall,0.2193513348203409,17229
olmoearth,shrink_a0.25,knn,1,tiny(<50),0.1172851344995404,2468
olmoearth,shrink_a0.25,knn,1,small(50-150),0.1813186493354247,6598
olmoearth,shrink_a0.25,knn,1,medium(150-500),0.2462573012607816,6256
olmoearth,shrink_a0.25,knn,1,large(>500),0.2733470944626313,1907
olmoearth,shrink_a0.25,linear,2,overall,0.4205111404292371,17559
olmoearth,shrink_a0.25,linear,2,tiny(<50),0.1898430694912825,2846
olmoearth,shrink_a0.25,linear,2,small(50-150),0.3193172625325121,6651
olmoearth,shrink_a0.25,linear,2,medium(150-500),0.4838719702322752,6126
olmoearth,shrink_a0.25,linear,2,large(>500),0.5360483919753509,1936
olmoearth,shrink_a0.25,knn,2,overall,0.2127913863467594,17559
olmoearth,shrink_a0.25,knn,2,tiny(<50),0.1209621326611366,2846
olmoearth,shrink_a0.25,knn,2,small(50-150),0.1648135947495587,6651
olmoearth,shrink_a0.25,knn,2,medium(150-500),0.2482101670233008,6126
olmoearth,shrink_a0.25,knn,2,large(>500),0.257428381375417,1936
olmoearth,shrink_a0.25,linear,3,overall,0.4293384830652734,17045
olmoearth,shrink_a0.25,linear,3,tiny(<50),0.2046054714013007,2620
olmoearth,shrink_a0.25,linear,3,small(50-150),0.3148591647078943,6288
olmoearth,shrink_a0.25,linear,3,medium(150-500),0.4998433311604052,6205
olmoearth,shrink_a0.25,linear,3,large(>500),0.5541360420808958,1932
olmoearth,shrink_a0.25,knn,3,overall,0.224870355650622,17045
olmoearth,shrink_a0.25,knn,3,tiny(<50),0.1210709344416267,2620
olmoearth,shrink_a0.25,knn,3,small(50-150),0.1799191849355739,6288
olmoearth,shrink_a0.25,knn,3,medium(150-500),0.2452418972016373,6205
olmoearth,shrink_a0.25,knn,3,large(>500),0.2945535643578156,1932
olmoearth,shrink_a0.25,linear,4,overall,0.4178513360500653,17478
olmoearth,shrink_a0.25,linear,4,tiny(<50),0.1820022705785843,2498
olmoearth,shrink_a0.25,linear,4,small(50-150),0.3303024830441726,6773
olmoearth,shrink_a0.25,linear,4,medium(150-500),0.4819193881150096,6372
olmoearth,shrink_a0.25,linear,4,large(>500),0.559007030460002,1835
olmoearth,shrink_a0.25,knn,4,overall,0.2176888370964181,17478
olmoearth,shrink_a0.25,knn,4,tiny(<50),0.1093940872663007,2498
olmoearth,shrink_a0.25,knn,4,small(50-150),0.1678722740653063,6773
olmoearth,shrink_a0.25,knn,4,medium(150-500),0.2497323315090883,6372
olmoearth,shrink_a0.25,knn,4,large(>500),0.2860874914166453,1835
olmoearth,shrink_a0.25,linear,5,overall,0.4239356336092309,16640
olmoearth,shrink_a0.25,linear,5,tiny(<50),0.1784227409565403,2437
olmoearth,shrink_a0.25,linear,5,small(50-150),0.3186674584532203,6214
olmoearth,shrink_a0.25,linear,5,medium(150-500),0.4871433700550787,5956
olmoearth,shrink_a0.25,linear,5,large(>500),0.553923016876301,2033
olmoearth,shrink_a0.25,knn,5,overall,0.2247058534571914,16640
olmoearth,shrink_a0.25,knn,5,tiny(<50),0.1135975418601612,2437
olmoearth,shrink_a0.25,knn,5,small(50-150),0.1848039877222221,6214
olmoearth,shrink_a0.25,knn,5,medium(150-500),0.2442823428149431,5956
olmoearth,shrink_a0.25,knn,5,large(>500),0.2868867942869003,2033
olmoearth,shrink_a0.5,linear,1,overall,0.4249788212086553,17229
olmoearth,shrink_a0.5,linear,1,tiny(<50),0.1939246382018155,2468
olmoearth,shrink_a0.5,linear,1,small(50-150),0.3149385191651389,6598
olmoearth,shrink_a0.5,linear,1,medium(150-500),0.4981882736767113,6256
olmoearth,shrink_a0.5,linear,1,large(>500),0.5438569796701008,1907
olmoearth,shrink_a0.5,knn,1,overall,0.2076804247141178,17229
olmoearth,shrink_a0.5,knn,1,tiny(<50),0.1052079700314448,2468
olmoearth,shrink_a0.5,knn,1,small(50-150),0.1793106880714662,6598
olmoearth,shrink_a0.5,knn,1,medium(150-500),0.2293778760441856,6256
olmoearth,shrink_a0.5,knn,1,large(>500),0.2573379687142291,1907
olmoearth,shrink_a0.5,linear,2,overall,0.4202590239881384,17559
olmoearth,shrink_a0.5,linear,2,tiny(<50),0.1899053523683516,2846
olmoearth,shrink_a0.5,linear,2,small(50-150),0.3195340714557462,6651
olmoearth,shrink_a0.5,linear,2,medium(150-500),0.4832230030326204,6126
olmoearth,shrink_a0.5,linear,2,large(>500),0.5361598280871235,1936
olmoearth,shrink_a0.5,knn,2,overall,0.1976436532926429,17559
olmoearth,shrink_a0.5,knn,2,tiny(<50),0.1108941063107056,2846
olmoearth,shrink_a0.5,knn,2,small(50-150),0.1575657129557659,6651
olmoearth,shrink_a0.5,knn,2,medium(150-500),0.2304444243345442,6126
olmoearth,shrink_a0.5,knn,2,large(>500),0.2270661643880226,1936
olmoearth,shrink_a0.5,linear,3,overall,0.4277841756186481,17045
olmoearth,shrink_a0.5,linear,3,tiny(<50),0.2071385999639042,2620
olmoearth,shrink_a0.5,linear,3,small(50-150),0.3154255457203894,6288
olmoearth,shrink_a0.5,linear,3,medium(150-500),0.4989438967318855,6205
olmoearth,shrink_a0.5,linear,3,large(>500),0.5477643883512591,1932
olmoearth,shrink_a0.5,knn,3,overall,0.2149357515371293,17045
olmoearth,shrink_a0.5,knn,3,tiny(<50),0.1121305093341891,2620
olmoearth,shrink_a0.5,knn,3,small(50-150),0.1729551437756785,6288
olmoearth,shrink_a0.5,knn,3,medium(150-500),0.2347776864918455,6205
olmoearth,shrink_a0.5,knn,3,large(>500),0.275674416782497,1932
olmoearth,shrink_a0.5,linear,4,overall,0.4196353030117533,17478
olmoearth,shrink_a0.5,linear,4,tiny(<50),0.1794060926481995,2498
olmoearth,shrink_a0.5,linear,4,small(50-150),0.3307482694939024,6773
olmoearth,shrink_a0.5,linear,4,medium(150-500),0.4850025693372522,6372
olmoearth,shrink_a0.5,linear,4,large(>500),0.5597506153594405,1835
olmoearth,shrink_a0.5,knn,4,overall,0.2159478183282264,17478
olmoearth,shrink_a0.5,knn,4,tiny(<50),0.1035444101608177,2498
olmoearth,shrink_a0.5,knn,4,small(50-150),0.1619652162814361,6773
olmoearth,shrink_a0.5,knn,4,medium(150-500),0.2539785373116313,6372
olmoearth,shrink_a0.5,knn,4,large(>500),0.2729908820056689,1835
olmoearth,shrink_a0.5,linear,5,overall,0.4264681811141843,16640
olmoearth,shrink_a0.5,linear,5,tiny(<50),0.1799519578137578,2437
olmoearth,shrink_a0.5,linear,5,small(50-150),0.3162751642107725,6214
olmoearth,shrink_a0.5,linear,5,medium(150-500),0.4920612167610668,5956
olmoearth,shrink_a0.5,linear,5,large(>500),0.5600801681905817,2033
olmoearth,shrink_a0.5,knn,5,overall,0.2132958149349579,16640
olmoearth,shrink_a0.5,knn,5,tiny(<50),0.1200324577771679,2437
olmoearth,shrink_a0.5,knn,5,small(50-150),0.1689907133380799,6214
olmoearth,shrink_a0.5,knn,5,medium(150-500),0.2352837468969252,5956
olmoearth,shrink_a0.5,knn,5,large(>500),0.2636977407031719,2033
tessera,sample_cov,linear,1,overall,0.5141094130553656,17136
tessera,sample_cov,linear,1,tiny(<50),0.3737802805906354,2459
tessera,sample_cov,linear,1,small(50-150),0.4799043303833621,6563
tessera,sample_cov,linear,1,medium(150-500),0.5567850906046174,6217
tessera,sample_cov,linear,1,large(>500),0.5413360901868103,1897
tessera,sample_cov,knn,1,overall,0.4242672940918645,17136
tessera,sample_cov,knn,1,tiny(<50),0.2811573227361991,2459
tessera,sample_cov,knn,1,small(50-150),0.3893702577426204,6563
tessera,sample_cov,knn,1,medium(150-500),0.4704953544208219,6217
tessera,sample_cov,knn,1,large(>500),0.4336592384877945,1897
tessera,sample_cov,linear,2,overall,0.470629955081747,17421
tessera,sample_cov,linear,2,tiny(<50),0.3654528117758292,2830
tessera,sample_cov,linear,2,small(50-150),0.4440271376488024,6609
tessera,sample_cov,linear,2,medium(150-500),0.5039555249945962,6052
tessera,sample_cov,linear,2,large(>500),0.5021237657453699,1930
tessera,sample_cov,knn,2,overall,0.3887870710794415,17421
tessera,sample_cov,knn,2,tiny(<50),0.2869989550939085,2830
tessera,sample_cov,knn,2,small(50-150),0.3567563294501634,6609
tessera,sample_cov,knn,2,medium(150-500),0.4262248980907999,6052
tessera,sample_cov,knn,2,large(>500),0.4132498157962287,1930
tessera,sample_cov,linear,3,overall,0.4760078413205735,16954
tessera,sample_cov,linear,3,tiny(<50),0.427625244681434,2615
tessera,sample_cov,linear,3,small(50-150),0.4561451315462979,6268
tessera,sample_cov,linear,3,medium(150-500),0.4932849942188755,6156
tessera,sample_cov,linear,3,large(>500),0.4987998404286709,1915
tessera,sample_cov,knn,3,overall,0.3629478011234197,16954
tessera,sample_cov,knn,3,tiny(<50),0.3110570306991702,2615
tessera,sample_cov,knn,3,small(50-150),0.352986318507168,6268
tessera,sample_cov,knn,3,medium(150-500),0.3738381567629186,6156
tessera,sample_cov,knn,3,large(>500),0.3611616916022049,1915
tessera,sample_cov,linear,4,overall,0.4959858947101144,17377
tessera,sample_cov,linear,4,tiny(<50),0.3342250631665696,2474
tessera,sample_cov,linear,4,small(50-150),0.4909736756672635,6719
tessera,sample_cov,linear,4,medium(150-500),0.5109569730165862,6351
tessera,sample_cov,linear,4,large(>500),0.5057691686348217,1833
tessera,sample_cov,knn,4,overall,0.3940001140010312,17377
tessera,sample_cov,knn,4,tiny(<50),0.2456674941617035,2474
tessera,sample_cov,knn,4,small(50-150),0.38787991907369,6719
tessera,sample_cov,knn,4,medium(150-500),0.409931661183015,6351
tessera,sample_cov,knn,4,large(>500),0.4015673185037877,1833
tessera,sample_cov,linear,5,overall,0.4697108160684846,16480
tessera,sample_cov,linear,5,tiny(<50),0.3117427390701824,2418
tessera,sample_cov,linear,5,small(50-150),0.4579084549177603,6155
tessera,sample_cov,linear,5,medium(150-500),0.4912775977646682,5899
tessera,sample_cov,linear,5,large(>500),0.5146947864103918,2008
tessera,sample_cov,knn,5,overall,0.377781705935884,16480
tessera,sample_cov,knn,5,tiny(<50),0.211353536153228,2418
tessera,sample_cov,knn,5,small(50-150),0.3682523089319161,6155
tessera,sample_cov,knn,5,medium(150-500),0.4020339876566296,5899
tessera,sample_cov,knn,5,large(>500),0.4133623830569657,2008
tessera,ledoit_wolf,linear,1,overall,0.5113511398234969,17136
tessera,ledoit_wolf,linear,1,tiny(<50),0.374225587461883,2459
tessera,ledoit_wolf,linear,1,small(50-150),0.4784115181947517,6563
tessera,ledoit_wolf,linear,1,medium(150-500),0.5534556911494458,6217
tessera,ledoit_wolf,linear,1,large(>500),0.5435938556533885,1897
tessera,ledoit_wolf,knn,1,overall,0.4248468423611751,17136
tessera,ledoit_wolf,knn,1,tiny(<50),0.2792975093432301,2459
tessera,ledoit_wolf,knn,1,small(50-150),0.3903892179804983,6563
tessera,ledoit_wolf,knn,1,medium(150-500),0.4704972509459652,6217
tessera,ledoit_wolf,knn,1,large(>500),0.4329170972318289,1897
tessera,ledoit_wolf,linear,2,overall,0.471117784032135,17421
tessera,ledoit_wolf,linear,2,tiny(<50),0.3519139691810087,2830
tessera,ledoit_wolf,linear,2,small(50-150),0.444602698339028,6609
tessera,ledoit_wolf,linear,2,medium(150-500),0.5039359444038327,6052
tessera,ledoit_wolf,linear,2,large(>500),0.503593806314651,1930
tessera,ledoit_wolf,knn,2,overall,0.387644735756147,17421
tessera,ledoit_wolf,knn,2,tiny(<50),0.2799473114901234,2830
tessera,ledoit_wolf,knn,2,small(50-150),0.3534276024658489,6609
tessera,ledoit_wolf,knn,2,medium(150-500),0.4274023939147826,6052
tessera,ledoit_wolf,knn,2,large(>500),0.4141846331916883,1930
tessera,ledoit_wolf,linear,3,overall,0.4764431824623199,16954
tessera,ledoit_wolf,linear,3,tiny(<50),0.4318174502511366,2615
tessera,ledoit_wolf,linear,3,small(50-150),0.4538568126588859,6268
tessera,ledoit_wolf,linear,3,medium(150-500),0.4964537454793639,6156
tessera,ledoit_wolf,linear,3,large(>500),0.4959273056386208,1915
tessera,ledoit_wolf,knn,3,overall,0.3635655285799826,16954
tessera,ledoit_wolf,knn,3,tiny(<50),0.3123900259651873,2615
tessera,ledoit_wolf,knn,3,small(50-150),0.3526706403909058,6268
tessera,ledoit_wolf,knn,3,medium(150-500),0.3748647532674156,6156
tessera,ledoit_wolf,knn,3,large(>500),0.3627937469291755,1915
tessera,ledoit_wolf,linear,4,overall,0.4946228414670277,17377
tessera,ledoit_wolf,linear,4,tiny(<50),0.3282064471034941,2474
tessera,ledoit_wolf,linear,4,small(50-150),0.4910485818957479,6719
tessera,ledoit_wolf,linear,4,medium(150-500),0.5088128843135531,6351
tessera,ledoit_wolf,linear,4,large(>500),0.5045850271203242,1833
tessera,ledoit_wolf,knn,4,overall,0.3936913031720901,17377
tessera,ledoit_wolf,knn,4,tiny(<50),0.2463227850380176,2474
tessera,ledoit_wolf,knn,4,small(50-150),0.385762101047911,6719
tessera,ledoit_wolf,knn,4,medium(150-500),0.4108840586730198,6351
tessera,ledoit_wolf,knn,4,large(>500),0.4015673185037877,1833
tessera,ledoit_wolf,linear,5,overall,0.4691595969364192,16480
tessera,ledoit_wolf,linear,5,tiny(<50),0.3115361272803478,2418
tessera,ledoit_wolf,linear,5,small(50-150),0.455983308634531,6155
tessera,ledoit_wolf,linear,5,medium(150-500),0.4904217033847444,5899
tessera,ledoit_wolf,linear,5,large(>500),0.5171038483636669,2008
tessera,ledoit_wolf,knn,5,overall,0.3775527627451713,16480
tessera,ledoit_wolf,knn,5,tiny(<50),0.2113560832820513,2418
tessera,ledoit_wolf,knn,5,small(50-150),0.3686067596919307,6155
tessera,ledoit_wolf,knn,5,medium(150-500),0.4008361000467903,5899
tessera,ledoit_wolf,knn,5,large(>500),0.4132679967455286,2008
tessera,oas,linear,1,overall,0.5103466774872089,17136
tessera,oas,linear,1,tiny(<50),0.3483751360647202,2459
tessera,oas,linear,1,small(50-150),0.4763584713472958,6563
tessera,oas,linear,1,medium(150-500),0.5550039103778119,6217
tessera,oas,linear,1,large(>500),0.5402131766760294,1897
tessera,oas,knn,1,overall,0.4250841250641263,17136
tessera,oas,knn,1,tiny(<50),0.2794038277147311,2459
tessera,oas,knn,1,small(50-150),0.3908936302572115,6563
tessera,oas,knn,1,medium(150-500),0.4702760713475888,6217
tessera,oas,knn,1,large(>500),0.4329170972318289,1897
tessera,oas,linear,2,overall,0.470342351306192,17421
tessera,oas,linear,2,tiny(<50),0.3504512154557626,2830
tessera,oas,linear,2,small(50-150),0.444448164628364,6609
tessera,oas,linear,2,medium(150-500),0.5040916050265613,6052
tessera,oas,linear,2,large(>500),0.5017716467177536,1930
tessera,oas,knn,2,overall,0.3885075613569516,17421
tessera,oas,knn,2,tiny(<50),0.2826256568215884,2830
tessera,oas,knn,2,small(50-150),0.3549137896502733,6609
tessera,oas,knn,2,medium(150-500),0.4269938338767367,6052
tessera,oas,knn,2,large(>500),0.4141846331916883,1930
tessera,oas,linear,3,overall,0.4760672283488361,16954
tessera,oas,linear,3,tiny(<50),0.43243906901199,2615
tessera,oas,linear,3,small(50-150),0.4540382275316121,6268
tessera,oas,linear,3,medium(150-500),0.4951136103342518,6156
tessera,oas,linear,3,large(>500),0.4981141067297879,1915
tessera,oas,knn,3,overall,0.3652025209518467,16954
tessera,oas,knn,3,tiny(<50),0.3232761015582691,2615
tessera,oas,knn,3,small(50-150),0.353801083608409,6268
tessera,oas,knn,3,medium(150-500),0.3753146641191603,6156
tessera,oas,knn,3,large(>500),0.3627937469291755,1915
tessera,oas,linear,4,overall,0.4949856450018248,17377
tessera,oas,linear,4,tiny(<50),0.3264296458590442,2474
tessera,oas,linear,4,small(50-150),0.4902678523242463,6719
tessera,oas,linear,4,medium(150-500),0.5105732115964372,6351
tessera,oas,linear,4,large(>500),0.5051333207713284,1833
tessera,oas,knn,4,overall,0.3941474037591108,17377
tessera,oas,knn,4,tiny(<50),0.2466102427436179,2474
tessera,oas,knn,4,small(50-150),0.3858415491548443,6719
tessera,oas,knn,4,medium(150-500),0.4109085640640731,6351
tessera,oas,knn,4,large(>500),0.4021591577788888,1833
tessera,oas,linear,5,overall,0.4698620491530845,16480
tessera,oas,linear,5,tiny(<50),0.3076909731397255,2418
tessera,oas,linear,5,small(50-150),0.456849598648971,6155
tessera,oas,linear,5,medium(150-500),0.4920638072912543,5899
tessera,oas,linear,5,large(>500),0.5169346833489613,2008
tessera,oas,knn,5,overall,0.3782819527435959,16480
tessera,oas,knn,5,tiny(<50),0.2147490853648599,2418
tessera,oas,knn,5,small(50-150),0.3687577997033699,6155
tessera,oas,knn,5,medium(150-500),0.4012072903461601,5899
tessera,oas,knn,5,large(>500),0.4129409593266821,2008
tessera,diag_std,linear,1,overall,0.4378970604971509,17136
tessera,diag_std,linear,1,tiny(<50),0.2922322218008965,2459
tessera,diag_std,linear,1,small(50-150),0.4116546334915365,6563
tessera,diag_std,linear,1,medium(150-500),0.4751966402208548,6217
tessera,diag_std,linear,1,large(>500),0.4598655139787023,1897
tessera,diag_std,knn,1,overall,0.3919779015982847,17136
tessera,diag_std,knn,1,tiny(<50),0.2811463154025702,2459
tessera,diag_std,knn,1,small(50-150),0.3593136026314648,6563
tessera,diag_std,knn,1,medium(150-500),0.4289906863582195,6217
tessera,diag_std,knn,1,large(>500),0.3958525929992956,1897
tessera,diag_std,linear,2,overall,0.4040357984131837,17421
tessera,diag_std,linear,2,tiny(<50),0.2805282618270254,2830
tessera,diag_std,linear,2,small(50-150),0.3805021610130171,6609
tessera,diag_std,linear,2,medium(150-500),0.4455514722495544,6052
tessera,diag_std,linear,2,large(>500),0.4192204665031515,1930
tessera,diag_std,knn,2,overall,0.3542369509813975,17421
tessera,diag_std,knn,2,tiny(<50),0.2709547655856166,2830
tessera,diag_std,knn,2,small(50-150),0.3274270746381704,6609
tessera,diag_std,knn,2,medium(150-500),0.3837676301402273,6052
tessera,diag_std,knn,2,large(>500),0.3540984489596888,1930
tessera,diag_std,linear,3,overall,0.4113091167025247,16954
tessera,diag_std,linear,3,tiny(<50),0.3759312501674954,2615
tessera,diag_std,linear,3,small(50-150),0.4040524311518483,6268
tessera,diag_std,linear,3,medium(150-500),0.4260879129845272,6156
tessera,diag_std,linear,3,large(>500),0.4070531769288123,1915
tessera,diag_std,knn,3,overall,0.3571487644319436,16954
tessera,diag_std,knn,3,tiny(<50),0.2870362548110317,2615
tessera,diag_std,knn,3,small(50-150),0.3454998018872363,6268
tessera,diag_std,knn,3,medium(150-500),0.3737493390480685,6156
tessera,diag_std,knn,3,large(>500),0.3792251065265354,1915
tessera,diag_std,linear,4,overall,0.4206306611212373,17377
tessera,diag_std,linear,4,tiny(<50),0.2887441404191838,2474
tessera,diag_std,linear,4,small(50-150),0.4218670747170939,6719
tessera,diag_std,linear,4,medium(150-500),0.4345547820553204,6351
tessera,diag_std,linear,4,large(>500),0.4177733481792513,1833
tessera,diag_std,knn,4,overall,0.3626436892023155,17377
tessera,diag_std,knn,4,tiny(<50),0.2041120506495517,2474
tessera,diag_std,knn,4,small(50-150),0.359808330963043,6719
tessera,diag_std,knn,4,medium(150-500),0.3754689968615946,6351
tessera,diag_std,knn,4,large(>500),0.3783308582006686,1833
tessera,diag_std,linear,5,overall,0.4069872423704648,16480
tessera,diag_std,linear,5,tiny(<50),0.253089094354826,2418
tessera,diag_std,linear,5,small(50-150),0.3968286538197657,6155
tessera,diag_std,linear,5,medium(150-500),0.4236273701512101,5899
tessera,diag_std,linear,5,large(>500),0.4493975724262769,2008
tessera,diag_std,knn,5,overall,0.3532266516029352,16480
tessera,diag_std,knn,5,tiny(<50),0.2057867043608449,2418
tessera,diag_std,knn,5,small(50-150),0.3373395075129247,6155
tessera,diag_std,knn,5,medium(150-500),0.3789923702505881,5899
tessera,diag_std,knn,5,large(>500),0.3917553216560948,2008
tessera,shrink_a0.01,linear,1,overall,0.5112769601156614,17136
tessera,shrink_a0.01,linear,1,tiny(<50),0.3750348738629461,2459
tessera,shrink_a0.01,linear,1,small(50-150),0.4789683682173861,6563
tessera,shrink_a0.01,linear,1,medium(150-500),0.5530902847107613,6217
tessera,shrink_a0.01,linear,1,large(>500),0.5396956274748168,1897
tessera,shrink_a0.01,knn,1,overall,0.4242534481766802,17136
tessera,shrink_a0.01,knn,1,tiny(<50),0.2811573227361991,2459
tessera,shrink_a0.01,knn,1,small(50-150),0.3894018394436728,6563
tessera,shrink_a0.01,knn,1,medium(150-500),0.4704953544208219,6217
tessera,shrink_a0.01,knn,1,large(>500),0.4329170972318289,1897
tessera,shrink_a0.01,linear,2,overall,0.4705813784918332,17421
tessera,shrink_a0.01,linear,2,tiny(<50),0.3650023670531093,2830
tessera,shrink_a0.01,linear,2,small(50-150),0.4436472651398067,6609
tessera,shrink_a0.01,linear,2,medium(150-500),0.5040974333866527,6052
tessera,shrink_a0.01,linear,2,large(>500),0.5021237657453699,1930
tessera,shrink_a0.01,knn,2,overall,0.3882087434134796,17421
tessera,shrink_a0.01,knn,2,tiny(<50),0.2869989550939085,2830
tessera,shrink_a0.01,knn,2,small(50-150),0.356240876435538,6609
tessera,shrink_a0.01,knn,2,medium(150-500),0.4251374937106164,6052
tessera,shrink_a0.01,knn,2,large(>500),0.4132498157962287,1930
tessera,shrink_a0.01,linear,3,overall,0.4734969729693111,16954
tessera,shrink_a0.01,linear,3,tiny(<50),0.4390508478503542,2615
tessera,shrink_a0.01,linear,3,small(50-150),0.4573080525902612,6268
tessera,shrink_a0.01,linear,3,medium(150-500),0.492832214543373,6156
tessera,shrink_a0.01,linear,3,large(>500),0.4707338652239213,1915
tessera,shrink_a0.01,knn,3,overall,0.3629873385196783,16954
tessera,shrink_a0.01,knn,3,tiny(<50),0.3110570306991702,2615
tessera,shrink_a0.01,knn,3,small(50-150),0.3530332864777021,6268
tessera,shrink_a0.01,knn,3,medium(150-500),0.3739032524323515,6156
tessera,shrink_a0.01,knn,3,large(>500),0.3611616916022049,1915
tessera,shrink_a0.01,linear,4,overall,0.4953632879659477,17377
tessera,shrink_a0.01,linear,4,tiny(<50),0.3337894144987662,2474
tessera,shrink_a0.01,linear,4,small(50-150),0.4900435125482363,6719
tessera,shrink_a0.01,linear,4,medium(150-500),0.5106393094842475,6351
tessera,shrink_a0.01,linear,4,large(>500),0.5057691686348217,1833
tessera,shrink_a0.01,knn,4,overall,0.3942975869413541,17377
tessera,shrink_a0.01,knn,4,tiny(<50),0.2473711992425558,2474
tessera,shrink_a0.01,knn,4,small(50-150),0.3882798892882498,6719
tessera,shrink_a0.01,knn,4,medium(150-500),0.409931661183015,6351
tessera,shrink_a0.01,knn,4,large(>500),0.4015673185037877,1833
tessera,shrink_a0.01,linear,5,overall,0.4687236855208288,16480
tessera,shrink_a0.01,linear,5,tiny(<50),0.3103529629495003,2418
tessera,shrink_a0.01,linear,5,small(50-150),0.4562983891711805,6155
tessera,shrink_a0.01,linear,5,medium(150-500),0.4909247243751358,5899
tessera,shrink_a0.01,linear,5,large(>500),0.5169346833489613,2008
tessera,shrink_a0.01,knn,5,overall,0.3775973936194942,16480
tessera,shrink_a0.01,knn,5,tiny(<50),0.2113428677877504,2418
tessera,shrink_a0.01,knn,5,small(50-150),0.367902194598907,6155
tessera,shrink_a0.01,knn,5,medium(150-500),0.4020339876566296,5899
tessera,shrink_a0.01,knn,5,large(>500),0.4133623830569657,2008
tessera,shrink_a0.05,linear,1,overall,0.5109171786615168,17136
tessera,shrink_a0.05,linear,1,tiny(<50),0.3612614840243798,2459
tessera,shrink_a0.05,linear,1,small(50-150),0.4794019483004029,6563
tessera,shrink_a0.05,linear,1,medium(150-500),0.5536960008131175,6217
tessera,shrink_a0.05,linear,1,large(>500),0.5387371100236719,1897
tessera,shrink_a0.05,knn,1,overall,0.4238833007577565,17136
tessera,shrink_a0.05,knn,1,tiny(<50),0.279079907368032,2459
tessera,shrink_a0.05,knn,1,small(50-150),0.3891546145233516,6563
tessera,shrink_a0.05,knn,1,medium(150-500),0.4697995246905812,6217
tessera,shrink_a0.05,knn,1,large(>500),0.4329170972318289,1897
tessera,shrink_a0.05,linear,2,overall,0.4699952280766041,17421
tessera,shrink_a0.05,linear,2,tiny(<50),0.3648361613039964,2830
tessera,shrink_a0.05,linear,2,small(50-150),0.4440733753639804,6609
tessera,shrink_a0.05,linear,2,medium(150-500),0.5023938532956741,6052
tessera,shrink_a0.05,linear,2,large(>500),0.5021237657453699,1930
tessera,shrink_a0.05,knn,2,overall,0.388376192067793,17421
tessera,shrink_a0.05,knn,2,tiny(<50),0.2830438876810821,2830
tessera,shrink_a0.05,knn,2,small(50-150),0.3552736985723401,6609
tessera,shrink_a0.05,knn,2,medium(150-500),0.4272550196206011,6052
tessera,shrink_a0.05,knn,2,large(>500),0.4141846331916883,1930
tessera,shrink_a0.05,linear,3,overall,0.473232371723697,16954
tessera,shrink_a0.05,linear,3,tiny(<50),0.4391217749976571,2615
tessera,shrink_a0.05,linear,3,small(50-150),0.4573312955268039,6268
tessera,shrink_a0.05,linear,3,medium(150-500),0.4920640320531699,6156
tessera,shrink_a0.05,linear,3,large(>500),0.4716313369238725,1915
tessera,shrink_a0.05,knn,3,overall,0.3625080536403088,16954
tessera,shrink_a0.05,knn,3,tiny(<50),0.3110570306991702,2615
tessera,shrink_a0.05,knn,3,small(50-150),0.3519393926291634,6268
tessera,shrink_a0.05,knn,3,medium(150-500),0.3736950606493106,6156
tessera,shrink_a0.05,knn,3,large(>500),0.3611616916022049,1915
tessera,shrink_a0.05,linear,4,overall,0.4949974570888453,17377
tessera,shrink_a0.05,linear,4,tiny(<50),0.3328446753182417,2474
tessera,shrink_a0.05,linear,4,small(50-150),0.4916563366222982,6719
tessera,shrink_a0.05,linear,4,medium(150-500),0.5083890125684816,6351
tessera,shrink_a0.05,linear,4,large(>500),0.5043175197906297,1833
tessera,shrink_a0.05,knn,4,overall,0.3944195956069935,17377
tessera,shrink_a0.05,knn,4,tiny(<50),0.2480850782922984,2474
tessera,shrink_a0.05,knn,4,small(50-150),0.387175203380617,6719
tessera,shrink_a0.05,knn,4,medium(150-500),0.4108698433220821,6351
tessera,shrink_a0.05,knn,4,large(>500),0.4015673185037877,1833
tessera,shrink_a0.05,linear,5,overall,0.4697606394444046,16480
tessera,shrink_a0.05,linear,5,tiny(<50),0.3116474745781681,2418
tessera,shrink_a0.05,linear,5,small(50-150),0.4579685623062421,6155
tessera,shrink_a0.05,linear,5,medium(150-500),0.4913097196240688,5899
tessera,shrink_a0.05,linear,5,large(>500),0.5146947864103918,2008
tessera,shrink_a0.05,knn,5,overall,0.3775611607026312,16480
tessera,shrink_a0.05,knn,5,tiny(<50),0.2112350150011378,2418
tessera,shrink_a0.05,knn,5,small(50-150),0.3680505353164874,6155
tessera,shrink_a0.05,knn,5,medium(150-500),0.4015765754229624,5899
tessera,shrink_a0.05,knn,5,large(>500),0.4133623830569657,2008
tessera,shrink_a0.1,linear,1,overall,0.5105753059486251,17136
tessera,shrink_a0.1,linear,1,tiny(<50),0.3611079487725582,2459
tessera,shrink_a0.1,linear,1,small(50-150),0.4800066791233106,6563
tessera,shrink_a0.1,linear,1,medium(150-500),0.5537054000609654,6217
tessera,shrink_a0.1,linear,1,large(>500),0.533829843377275,1897
tessera,shrink_a0.1,knn,1,overall,0.4238893874440324,17136
tessera,shrink_a0.1,knn,1,tiny(<50),0.2766849264580682,2459
tessera,shrink_a0.1,knn,1,small(50-150),0.3901500998861668,6563
tessera,shrink_a0.1,knn,1,medium(150-500),0.4694937211921541,6217
tessera,shrink_a0.1,knn,1,large(>500),0.4329170972318289,1897
tessera,shrink_a0.1,linear,2,overall,0.470369781981834,17421
tessera,shrink_a0.1,linear,2,tiny(<50),0.3648361613039964,2830
tessera,shrink_a0.1,linear,2,small(50-150),0.4441386676706163,6609
tessera,shrink_a0.1,linear,2,medium(150-500),0.5030784965591977,6052
tessera,shrink_a0.1,linear,2,large(>500),0.5021237657453699,1930
tessera,shrink_a0.1,knn,2,overall,0.388626809520931,17421
tessera,shrink_a0.1,knn,2,tiny(<50),0.2828163157741732,2830
tessera,shrink_a0.1,knn,2,small(50-150),0.3562723306848367,6609
tessera,shrink_a0.1,knn,2,medium(150-500),0.4267482740980954,6052
tessera,shrink_a0.1,knn,2,large(>500),0.4141846331916883,1930
tessera,shrink_a0.1,linear,3,overall,0.4734544325826718,16954
tessera,shrink_a0.1,linear,3,tiny(<50),0.4379617137368912,2615
tessera,shrink_a0.1,linear,3,small(50-150),0.4575806150782666,6268
tessera,shrink_a0.1,linear,3,medium(150-500),0.492832214543373,6156
tessera,shrink_a0.1,linear,3,large(>500),0.4707338652239213,1915
tessera,shrink_a0.1,knn,3,overall,0.363918561920415,16954
tessera,shrink_a0.1,knn,3,tiny(<50),0.3237214344840102,2615
tessera,shrink_a0.1,knn,3,small(50-150),0.3531361459450525,6268
tessera,shrink_a0.1,knn,3,medium(150-500),0.3736521179817577,6156
tessera,shrink_a0.1,knn,3,large(>500),0.3592178059284228,1915
tessera,shrink_a0.1,linear,4,overall,0.4956445101899656,17377
tessera,shrink_a0.1,linear,4,tiny(<50),0.3337894144987662,2474
tessera,shrink_a0.1,linear,4,small(50-150),0.4908549792950088,6719
tessera,shrink_a0.1,linear,4,medium(150-500),0.5104250830466208,6351
tessera,shrink_a0.1,linear,4,large(>500),0.5057691686348217,1833
tessera,shrink_a0.1,knn,4,overall,0.3949908299425119,17377
tessera,shrink_a0.1,knn,4,tiny(<50),0.2492531150902273,2474
tessera,shrink_a0.1,knn,4,small(50-150),0.3877938999032813,6719
tessera,shrink_a0.1,knn,4,medium(150-500),0.4110408290964993,6351
tessera,shrink_a0.1,knn,4,large(>500),0.4024481936544451,1833
tessera,shrink_a0.1,linear,5,overall,0.4697235932435457,16480
tessera,shrink_a0.1,linear,5,tiny(<50),0.3120526787488591,2418
tessera,shrink_a0.1,linear,5,small(50-150),0.4578941789619441,6155
tessera,shrink_a0.1,linear,5,medium(150-500),0.4912775977646682,5899
tessera,shrink_a0.1,linear,5,large(>500),0.5146947864103918,2008
tessera,shrink_a0.1,knn,5,overall,0.3774701595423684,16480
tessera,shrink_a0.1,knn,5,tiny(<50),0.2114395065661786,2418
tessera,shrink_a0.1,knn,5,small(50-150),0.3681074369689592,6155
tessera,shrink_a0.1,knn,5,medium(150-500),0.4012452863485791,5899
tessera,shrink_a0.1,knn,5,large(>500),0.4133623830569657,2008
tessera,shrink_a0.25,linear,1,overall,0.5110390593591061,17136
tessera,shrink_a0.25,linear,1,tiny(<50),0.3601830241390784,2459
tessera,shrink_a0.25,linear,1,small(50-150),0.4798513778513099,6563
tessera,shrink_a0.25,linear,1,medium(150-500),0.5526383279091331,6217
tessera,shrink_a0.25,linear,1,large(>500),0.5415192398247449,1897
tessera,shrink_a0.25,knn,1,overall,0.4235241223387624,17136
tessera,shrink_a0.25,knn,1,tiny(<50),0.2789513288965602,2459
tessera,shrink_a0.25,knn,1,small(50-150),0.3906301077743552,6563
tessera,shrink_a0.25,knn,1,medium(150-500),0.4683926685409973,6217
tessera,shrink_a0.25,knn,1,large(>500),0.42870389902418,1897
tessera,shrink_a0.25,linear,2,overall,0.4706635478677367,17421
tessera,shrink_a0.25,linear,2,tiny(<50),0.3654374668662423,2830
tessera,shrink_a0.25,linear,2,small(50-150),0.4444417548493213,6609
tessera,shrink_a0.25,linear,2,medium(150-500),0.5030039767558683,6052
tessera,shrink_a0.25,linear,2,large(>500),0.5021237657453699,1930
tessera,shrink_a0.25,knn,2,overall,0.3881190162690993,17421
tessera,shrink_a0.25,knn,2,tiny(<50),0.2792502033503524,2830
tessera,shrink_a0.25,knn,2,small(50-150),0.3566965028566626,6609
tessera,shrink_a0.25,knn,2,medium(150-500),0.4283450658680237,6052
tessera,shrink_a0.25,knn,2,large(>500),0.4004659667446769,1930
tessera,shrink_a0.25,linear,3,overall,0.4758287555688205,16954
tessera,shrink_a0.25,linear,3,tiny(<50),0.4274697574950625,2615
tessera,shrink_a0.25,linear,3,small(50-150),0.4569855111597478,6268
tessera,shrink_a0.25,linear,3,medium(150-500),0.4918102408530843,6156
tessera,shrink_a0.25,linear,3,large(>500),0.4987998404286709,1915
tessera,shrink_a0.25,knn,3,overall,0.3656491864633562,16954
tessera,shrink_a0.25,knn,3,tiny(<50),0.3316565572447679,2615
tessera,shrink_a0.25,knn,3,small(50-150),0.3531285193399285,6268
tessera,shrink_a0.25,knn,3,medium(150-500),0.3756552663092423,6156
tessera,shrink_a0.25,knn,3,large(>500),0.3609319195771521,1915
tessera,shrink_a0.25,linear,4,overall,0.4949697037579697,17377
tessera,shrink_a0.25,linear,4,tiny(<50),0.3336416417386119,2474
tessera,shrink_a0.25,linear,4,small(50-150),0.4902542809521216,6719
tessera,shrink_a0.25,linear,4,medium(150-500),0.5093655461714419,6351
tessera,shrink_a0.25,linear,4,large(>500),0.5057691686348217,1833
tessera,shrink_a0.25,knn,4,overall,0.3966746498284369,17377
tessera,shrink_a0.25,knn,4,tiny(<50),0.2412303614016487,2474
tessera,shrink_a0.25,knn,4,small(50-150),0.3875993103103429,6719
tessera,shrink_a0.25,knn,4,medium(150-500),0.4171202027259496,6351
tessera,shrink_a0.25,knn,4,large(>500),0.4027291358687442,1833
tessera,shrink_a0.25,linear,5,overall,0.4698267271960062,16480
tessera,shrink_a0.25,linear,5,tiny(<50),0.3107139552607281,2418
tessera,shrink_a0.25,linear,5,small(50-150),0.4565273394282499,6155
tessera,shrink_a0.25,linear,5,medium(150-500),0.4926139275434976,5899
tessera,shrink_a0.25,linear,5,large(>500),0.5169346833489613,2008
tessera,shrink_a0.25,knn,5,overall,0.3807292657038583,16480
tessera,shrink_a0.25,knn,5,tiny(<50),0.2130154689142671,2418
tessera,shrink_a0.25,knn,5,small(50-150),0.3689291794467196,6155
tessera,shrink_a0.25,knn,5,medium(150-500),0.4073519706515755,5899
tessera,shrink_a0.25,knn,5,large(>500),0.4138725651579286,2008
tessera,shrink_a0.5,linear,1,overall,0.5126196855168788,17136
tessera,shrink_a0.5,linear,1,tiny(<50),0.3722258005724936,2459
tessera,shrink_a0.5,linear,1,small(50-150),0.4798057615556347,6563
tessera,shrink_a0.5,linear,1,medium(150-500),0.5540185289050701,6217
tessera,shrink_a0.5,linear,1,large(>500),0.5413360901868103,1897
tessera,shrink_a0.5,knn,1,overall,0.4194206051039351,17136
tessera,shrink_a0.5,knn,1,tiny(<50),0.2803493617062521,2459
tessera,shrink_a0.5,knn,1,small(50-150),0.3915935766969728,6563
tessera,shrink_a0.5,knn,1,medium(150-500),0.4627503717234604,6217
tessera,shrink_a0.5,knn,1,large(>500),0.4133160881106303,1897
tessera,shrink_a0.5,linear,2,overall,0.4709316026805957,17421
tessera,shrink_a0.5,linear,2,tiny(<50),0.3650023670531093,2830
tessera,shrink_a0.5,linear,2,small(50-150),0.4443997116877238,6609
tessera,shrink_a0.5,linear,2,medium(150-500),0.5039774200505633,6052
tessera,shrink_a0.5,linear,2,large(>500),0.5021237657453699,1930
tessera,shrink_a0.5,knn,2,overall,0.3903645214499994,17421
tessera,shrink_a0.5,knn,2,tiny(<50),0.2874371731105614,2830
tessera,shrink_a0.5,knn,2,small(50-150),0.3560502321052725,6609
tessera,shrink_a0.5,knn,2,medium(150-500),0.4298892360171275,6052
tessera,shrink_a0.5,knn,2,large(>500),0.4067799124964518,1930
tessera,shrink_a0.5,linear,3,overall,0.4728528975911324,16954
tessera,shrink_a0.5,linear,3,tiny(<50),0.4391217749976571,2615
tessera,shrink_a0.5,linear,3,small(50-150),0.4573176478841241,6268
tessera,shrink_a0.5,linear,3,medium(150-500),0.4909901115166915,6156
tessera,shrink_a0.5,linear,3,large(>500),0.4716313369238725,1915
tessera,shrink_a0.5,knn,3,overall,0.369732145397182,16954
tessera,shrink_a0.5,knn,3,tiny(<50),0.3387446987596334,2615
tessera,shrink_a0.5,knn,3,small(50-150),0.354805320761669,6268
tessera,shrink_a0.5,knn,3,medium(150-500),0.3827595063458287,6156
tessera,shrink_a0.5,knn,3,large(>500),0.3595125094895882,1915
tessera,shrink_a0.5,linear,4,overall,0.4954305982146311,17377
tessera,shrink_a0.5,linear,4,tiny(<50),0.3375821144368054,2474
tessera,shrink_a0.5,linear,4,small(50-150),0.4910448490213228,6719
tessera,shrink_a0.5,linear,4,medium(150-500),0.5097539307656951,6351
tessera,shrink_a0.5,linear,4,large(>500),0.5024134420424227,1833
tessera,shrink_a0.5,knn,4,overall,0.3943015034051094,17377
tessera,shrink_a0.5,knn,4,tiny(<50),0.2360767412342451,2474
tessera,shrink_a0.5,knn,4,small(50-150),0.3884013538305357,6719
tessera,shrink_a0.5,knn,4,medium(150-500),0.4142897613088121,6351
tessera,shrink_a0.5,knn,4,large(>500),0.393621326591249,1833
tessera,shrink_a0.5,linear,5,overall,0.4699525447561022,16480
tessera,shrink_a0.5,linear,5,tiny(<50),0.3114506480938677,2418
tessera,shrink_a0.5,linear,5,small(50-150),0.4584385645381517,6155
tessera,shrink_a0.5,linear,5,medium(150-500),0.4916642134647142,5899
tessera,shrink_a0.5,linear,5,large(>500),0.5146947864103918,2008
tessera,shrink_a0.5,knn,5,overall,0.3809426893458174,16480
tessera,shrink_a0.5,knn,5,tiny(<50),0.2160999632202314,2418
tessera,shrink_a0.5,knn,5,small(50-150),0.367180641959917,6155
tessera,shrink_a0.5,knn,5,medium(150-500),0.4064929304157674,5899
tessera,shrink_a0.5,knn,5,large(>500),0.4161779996614365,2008
